{"materials":[{"id":832,"path":"Resources/unity_builtin_extra\\Default-ParticleSystem","assetBundleId":-2,"data":["Default-ParticleSystem",0,174,3000,0,[["_Cutoff",0.5],["_BumpScale",1],["_DistortionStrength",1],["_DistortionBlend",0.5],["_SoftParticlesNearFadeDistance",0],["_SoftParticlesFarFadeDistance",1],["_CameraNearFadeDistance",1],["_CameraFarFadeDistance",2],["_Mode",2],["_ColorMode",0],["_FlipbookMode",0],["_LightingEnabled",0],["_DistortionEnabled",0],["_EmissionEnabled",0],["_BlendOp",0],["_SrcBlend",5],["_DstBlend",10],["_ZWrite",0],["_Cull",2],["_SoftParticlesEnabled",0],["_CameraFadingEnabled",0],["_DistortionStrengthScaled",0]],[["_Color",1,1,1,1],["_EmissionColor",0,0,0,1]],[["_MainTex_ST",1,1,0,0],["_BumpMap_ST",1,1,0,0],["_EmissionMap_ST",1,1,0,0],["_SoftParticleFadeParams",0,0,0,0],["_CameraFadeParams",0,1e9999,0,0],["_ColorAddSubDiff",0,0,0,0]],[["_MainTex",1,830],["_BumpMap",null,null],["_EmissionMap",null,null]],[["_ALPHABLEND_ON",1]]]},{"id":824,"path":"Resources/unity_builtin_extra\\Default-Skybox","assetBundleId":-2,"data":["Default-Skybox",0,150,1000,0,[["_SunDisk",1],["_SunSize",0.0399999991059303],["_SunSizeConvergence",5],["_AtmosphereThickness",1],["_Exposure",1.29999995231628]],[["_SkyTint",0.5,0.5,0.5,1],["_GroundColor",0.368999987840652,0.349000006914139,0.340999990701675,1]],[],[],[["_SUNDISK_SIMPLE",1]]]},{"id":818,"path":"Resources/unity_builtin_extra\\Default-Particle","assetBundleId":-2,"data":["Default-Particle",0,166,3000,0,[["_InvFade",1]],[],[["_MainTex_ST",1,1,0,0]],[["_MainTex",1,816]],[]]},{"id":556,"path":"Resources/unity_builtin_extra\\Sprites-Default","assetBundleId":-2,"data":["Sprites-Default",0,28,3000,0,[["PixelSnap",0],["_EnableExternalAlpha",0]],[["_Color",1,1,1,1],["_RendererColor",1,1,1,1]],[["_MainTex_ST",1,1,0,0],["_Flip",1,1,1,1],["_AlphaTex_ST",1,1,0,0]],[["_MainTex",null,null],["_AlphaTex",null,null]],[]]}],"shaders":[{"id":166,"assetBundleId":-2,"data":[[],"Legacy Shaders/Particles/Alpha Blended Premultiply",null,["SOFTPARTICLES_ON","STEREO_CUBEMAP_RENDER_ON","STEREO_INSTANCING_ON","STEREO_MULTIVIEW_ON","UNITY_SINGLE_PASS_STEREO","__"],[[0,0,"",0,"",0,[4,null],[0,null],[0,null],[[1,null],[10,null],[0,null]],[[1,null],[10,null],[0,null]],[14,null],[0,null],[0,null],[0,null],[255,null],[255,null],[[0,null],[0,null],[0,null],[8,null]],[[0,null],[0,null],[0,null],[8,null]],[[0,null],[0,null],[0,null],[8,null]],[["IGNOREPROJECTOR","true"],["PreviewType","Plane"],["QUEUE","Transparent"],["RenderType","Transparent"]],["SOFTPARTICLES_ON","STEREO_CUBEMAP_RENDER_ON","STEREO_INSTANCING_ON","STEREO_MULTIVIEW_ON","UNITY_SINGLE_PASS_STEREO","__"],[],[[0,0,[],0,1,0,0],[0,0,[],2,3,1,0]],[],0]],[],[["_MainTex",4,0,0,0,0,"white",0],["_InvFade",3,1,0.00999999977648258,3,0,"",0]],null,null,0,0,0]},{"id":150,"assetBundleId":-2,"data":[[],"Skybox/Procedural",null,["_SUNDISK_HIGH_QUALITY","_SUNDISK_NONE","_SUNDISK_SIMPLE","STEREO_CUBEMAP_RENDER_ON","STEREO_INSTANCING_ON","STEREO_MULTIVIEW_ON","UNITY_SINGLE_PASS_STEREO"],[[0,0,"",0,"",0,[4,null],[0,null],[0,null],[[1,null],[0,null],[0,null]],[[1,null],[0,null],[0,null]],[15,null],[0,null],[0,null],[0,null],[255,null],[255,null],[[0,null],[0,null],[0,null],[8,null]],[[0,null],[0,null],[0,null],[8,null]],[[0,null],[0,null],[0,null],[8,null]],[["PreviewType","Skybox"],["QUEUE","Background"],["RenderType","Background"]],["STEREO_CUBEMAP_RENDER_ON","STEREO_INSTANCING_ON","STEREO_MULTIVIEW_ON","UNITY_SINGLE_PASS_STEREO","_SUNDISK_HIGH_QUALITY","_SUNDISK_NONE","_SUNDISK_SIMPLE"],[],[],[],0]],[],[["_SunDisk",2,2,0,0,0,"",0],["_SunSize",3,0.0399999991059303,0,1,0,"",0],["_SunSizeConvergence",3,5,1,10,0,"",0],["_AtmosphereThickness",3,1,0,5,0,"",0],["_SkyTint",0,0.5,0.5,0.5,1,"",0],["_GroundColor",0,0.368999987840652,0.349000006914139,0.340999990701675,1,"",0],["_Exposure",3,1.29999995231628,0,8,0,"",0]],null,null,0,0,0]},{"id":174,"assetBundleId":-2,"data":[[],"Particles/Standard Unlit",null,["SHADOWS_DEPTH","_ALPHABLEND_ON","_ALPHAMODULATE_ON","_ALPHAPREMULTIPLY_ON","_ALPHATEST_ON","_COLORADDSUBDIFF_ON","_COLORCOLOR_ON","_COLOROVERLAY_ON","_REQUIRE_UV2","FOG_EXP","FOG_EXP2","FOG_LINEAR","_EMISSION","_FADING_ON","_NORMALMAP","INSTANCING_ON","PROCEDURAL_INSTANCING_ON","SHADOWS_CUBE","STEREO_CUBEMAP_RENDER_ON","STEREO_INSTANCING_ON","STEREO_MULTIVIEW_ON","UNITY_SINGLE_PASS_STEREO","__","_","EFFECT_BUMP","SOFTPARTICLES_ON"],[[0,0,"",0,"_GrabTexture",0,[0,null],[0,null],[0,null],[[1,null],[0,null],[0,null]],[[1,null],[0,null],[0,null]],[15,null],[0,null],[0,null],[0,null],[0,null],[0,null],[[0,null],[0,null],[0,null],[0,null]],[[0,null],[0,null],[0,null],[0,null]],[[0,null],[0,null],[0,null],[0,null]],[["LIGHTMODE","GRABPASS"]],[],[],[],[],0],[1,0,"ShadowCaster",8,"",0,[4,null],[1,null],[0,null],[[1,null],[0,null],[0,null]],[[1,null],[0,null],[0,null]],[14,null],[0,null],[0,null],[0,null],[255,null],[255,null],[[0,null],[0,null],[0,null],[8,null]],[[0,null],[0,null],[0,null],[8,null]],[[0,null],[0,null],[0,null],[8,null]],[["IGNOREPROJECTOR","true"],["LIGHTMODE","SHADOWCASTER"],["PerformanceChecks","False"],["PreviewType","Plane"],["RenderType","Opaque"],["SHADOWSUPPORT","true"]],["INSTANCING_ON","PROCEDURAL_INSTANCING_ON","SHADOWS_CUBE","SHADOWS_DEPTH","STEREO_CUBEMAP_RENDER_ON","STEREO_INSTANCING_ON","STEREO_MULTIVIEW_ON","UNITY_SINGLE_PASS_STEREO","_ALPHABLEND_ON","_ALPHAMODULATE_ON","_ALPHAPREMULTIPLY_ON","_ALPHATEST_ON","_COLORADDSUBDIFF_ON","_COLORCOLOR_ON","_COLOROVERLAY_ON","_REQUIRE_UV2","__","_"],[],[],[],0],[4,0,"",0,"",0,[4,null],[0,"_ZWrite"],[0,"_Cull"],[[0,"_SrcBlend"],[0,"_DstBlend"],[0,"_BlendOp"]],[[0,"_SrcBlend"],[0,"_DstBlend"],[0,"_BlendOp"]],[14,null],[0,null],[0,null],[0,null],[255,null],[255,null],[[0,null],[0,null],[0,null],[8,null]],[[0,null],[0,null],[0,null],[8,null]],[[0,null],[0,null],[0,null],[8,null]],[["IGNOREPROJECTOR","true"],["PerformanceChecks","False"],["PreviewType","Plane"],["RenderType","Opaque"]],["EFFECT_BUMP","FOG_EXP","FOG_EXP2","FOG_LINEAR","INSTANCING_ON","PROCEDURAL_INSTANCING_ON","SOFTPARTICLES_ON","STEREO_CUBEMAP_RENDER_ON","STEREO_INSTANCING_ON","STEREO_MULTIVIEW_ON","UNITY_SINGLE_PASS_STEREO","_ALPHABLEND_ON","_ALPHAMODULATE_ON","_ALPHAPREMULTIPLY_ON","_ALPHATEST_ON","_COLORADDSUBDIFF_ON","_COLORCOLOR_ON","_COLOROVERLAY_ON","_EMISSION","_FADING_ON","_NORMALMAP","_REQUIRE_UV2","__","_"],[],[[4,0,["_ALPHABLEND_ON"],4,5,0,0],[4,0,["_ALPHABLEND_ON"],6,7,1,0],[4,0,["_FADING_ON","_ALPHABLEND_ON"],8,9,0,0],[4,0,["_FADING_ON","_ALPHABLEND_ON"],10,11,1,0]],[],0]],[],[["_MainTex",4,0,0,0,0,"white",0],["_Color",0,1,1,1,1,"",0],["_Cutoff",3,0.5,0,1,0,"",0],["_BumpScale",2,1,0,0,0,"",0],["_BumpMap",4,0,0,0,0,"bump",0],["_EmissionColor",0,0,0,0,1,"",0],["_EmissionMap",4,0,0,0,0,"white",0],["_DistortionStrength",2,1,0,0,0,"",0],["_DistortionBlend",3,0.5,0,1,0,"",0],["_SoftParticlesNearFadeDistance",2,0,0,0,0,"",0],["_SoftParticlesFarFadeDistance",2,1,0,0,0,"",0],["_CameraNearFadeDistance",2,1,0,0,0,"",0],["_CameraFarFadeDistance",2,2,0,0,0,"",0],["_Mode",2,0,0,0,0,"",1],["_ColorMode",2,0,0,0,0,"",1],["_FlipbookMode",2,0,0,0,0,"",1],["_LightingEnabled",2,0,0,0,0,"",1],["_DistortionEnabled",2,0,0,0,0,"",1],["_EmissionEnabled",2,0,0,0,0,"",1],["_BlendOp",2,0,0,0,0,"",1],["_SrcBlend",2,1,0,0,0,"",1],["_DstBlend",2,0,0,0,0,"",1],["_ZWrite",2,1,0,0,0,"",1],["_Cull",2,2,0,0,0,"",1],["_SoftParticlesEnabled",2,0,0,0,0,"",1],["_CameraFadingEnabled",2,0,0,0,0,"",1],["_SoftParticleFadeParams",1,0,0,0,0,"",1],["_CameraFadeParams",1,0,0,0,0,"",1],["_ColorAddSubDiff",1,0,0,0,0,"",1],["_DistortionStrengthScaled",2,0,0,0,0,"",1]],0,68,0,0,0]},{"id":292,"assetBundleId":-2,"data":[[],"Mobile/Particles/Alpha Blended",null,["FOG_EXP","FOG_EXP2","FOG_LINEAR","STEREO_CUBEMAP_RENDER_ON","STEREO_INSTANCING_ON","STEREO_MULTIVIEW_ON","UNITY_SINGLE_PASS_STEREO","_"],[[0,0,"",0,"",0,[4,null],[0,null],[0,null],[[5,null],[10,null],[0,null]],[[5,null],[10,null],[0,null]],[15,null],[0,null],[0,null],[0,null],[255,null],[255,null],[[0,null],[0,null],[0,null],[8,null]],[[0,null],[0,null],[0,null],[8,null]],[[0,null],[0,null],[0,null],[8,null]],[["IGNOREPROJECTOR","true"],["PreviewType","Plane"],["QUEUE","Transparent"],["RenderType","Transparent"]],["FOG_EXP","FOG_EXP2","FOG_LINEAR","STEREO_CUBEMAP_RENDER_ON","STEREO_INSTANCING_ON","STEREO_MULTIVIEW_ON","UNITY_SINGLE_PASS_STEREO","_"],[],[[0,0,[],12,13,0,0],[0,0,[],14,15,1,0]],[],0]],[],[["_MainTex",4,0,0,0,0,"white",0]],null,null,0,0,0]},{"id":30,"assetBundleId":-2,"data":[[],"UI/Default",null,["UNITY_UI_ALPHACLIP","UNITY_UI_CLIP_RECT","STEREO_CUBEMAP_RENDER_ON","STEREO_INSTANCING_ON","STEREO_MULTIVIEW_ON","UNITY_SINGLE_PASS_STEREO","_"],[[0,0,"Default",0,"",0,[0,"unity_GUIZTestMode"],[0,null],[0,null],[[1,null],[10,null],[0,null]],[[1,null],[10,null],[0,null]],[0,"_ColorMask"],[0,null],[0,null],[0,"_Stencil"],[0,"_StencilReadMask"],[0,"_StencilWriteMask"],[[0,"_StencilOp"],[0,null],[0,null],[0,"_StencilComp"]],[[0,null],[0,null],[0,null],[8,null]],[[0,null],[0,null],[0,null],[8,null]],[["CanUseSpriteAtlas","true"],["IGNOREPROJECTOR","true"],["PreviewType","Plane"],["QUEUE","Transparent"],["RenderType","Transparent"]],["STEREO_CUBEMAP_RENDER_ON","STEREO_INSTANCING_ON","STEREO_MULTIVIEW_ON","UNITY_SINGLE_PASS_STEREO","UNITY_UI_ALPHACLIP","UNITY_UI_CLIP_RECT","_"],[],[[0,0,[],16,17,0,0],[0,0,[],18,19,1,0],[0,0,["UNITY_UI_ALPHACLIP"],16,20,0,0],[0,0,["UNITY_UI_ALPHACLIP"],18,21,1,0]],[],0]],[],[["_MainTex",4,0,0,0,0,"white",2],["_Color",0,1,1,1,1,"",0],["_StencilComp",2,8,0,0,0,"",0],["_Stencil",2,0,0,0,0,"",0],["_StencilOp",2,0,0,0,0,"",0],["_StencilWriteMask",2,255,0,0,0,"",0],["_StencilReadMask",2,255,0,0,0,"",0],["_ColorMask",2,15,0,0,0,"",0],["_UseUIAlphaClip",2,0,0,0,0,"",0]],null,null,0,0,0]},{"id":290,"assetBundleId":-2,"data":[[],"Mobile/Particles/Additive",null,["FOG_EXP","FOG_EXP2","FOG_LINEAR","STEREO_CUBEMAP_RENDER_ON","STEREO_INSTANCING_ON","STEREO_MULTIVIEW_ON","UNITY_SINGLE_PASS_STEREO","_"],[[0,0,"",0,"",0,[4,null],[0,null],[0,null],[[5,null],[1,null],[0,null]],[[5,null],[1,null],[0,null]],[15,null],[0,null],[0,null],[0,null],[255,null],[255,null],[[0,null],[0,null],[0,null],[8,null]],[[0,null],[0,null],[0,null],[8,null]],[[0,null],[0,null],[0,null],[8,null]],[["IGNOREPROJECTOR","true"],["PreviewType","Plane"],["QUEUE","Transparent"],["RenderType","Transparent"]],["FOG_EXP","FOG_EXP2","FOG_LINEAR","STEREO_CUBEMAP_RENDER_ON","STEREO_INSTANCING_ON","STEREO_MULTIVIEW_ON","UNITY_SINGLE_PASS_STEREO","_"],[],[[0,0,[],12,13,0,0],[0,0,[],14,15,1,0]],[],0]],[],[["_MainTex",4,0,0,0,0,"white",0]],null,null,0,0,0]},{"id":28,"assetBundleId":-2,"data":[[],"Sprites/Default",null,["PIXELSNAP_ON","ETC1_EXTERNAL_ALPHA","INSTANCING_ON","STEREO_CUBEMAP_RENDER_ON","STEREO_INSTANCING_ON","STEREO_MULTIVIEW_ON","UNITY_SINGLE_PASS_STEREO","_","__"],[[0,0,"",0,"",0,[4,null],[0,null],[0,null],[[1,null],[10,null],[0,null]],[[1,null],[10,null],[0,null]],[15,null],[0,null],[0,null],[0,null],[255,null],[255,null],[[0,null],[0,null],[0,null],[8,null]],[[0,null],[0,null],[0,null],[8,null]],[[0,null],[0,null],[0,null],[8,null]],[["CanUseSpriteAtlas","true"],["IGNOREPROJECTOR","true"],["PreviewType","Plane"],["QUEUE","Transparent"],["RenderType","Transparent"]],["ETC1_EXTERNAL_ALPHA","INSTANCING_ON","PIXELSNAP_ON","STEREO_CUBEMAP_RENDER_ON","STEREO_INSTANCING_ON","STEREO_MULTIVIEW_ON","UNITY_SINGLE_PASS_STEREO","_","__"],[],[[0,0,[],22,23,0,0],[0,0,[],24,25,1,0]],[],0]],[],[["_MainTex",4,0,0,0,0,"white",2],["_Color",0,1,1,1,1,"",0],["PixelSnap",2,0,0,0,0,"",0],["_RendererColor",0,1,1,1,1,"",1],["_Flip",1,1,1,1,1,"",1],["_AlphaTex",4,0,0,0,0,"white",2],["_EnableExternalAlpha",2,0,0,0,0,"",2]],null,null,0,0,0]},{"id":296,"assetBundleId":-2,"data":[[],"Mobile/Particles/Multiply",null,["FOG_EXP","FOG_EXP2","FOG_LINEAR","STEREO_CUBEMAP_RENDER_ON","STEREO_INSTANCING_ON","STEREO_MULTIVIEW_ON","UNITY_SINGLE_PASS_STEREO","_"],[[0,0,"",0,"",0,[4,null],[0,null],[0,null],[[0,null],[3,null],[0,null]],[[0,null],[3,null],[0,null]],[15,null],[0,null],[0,null],[0,null],[255,null],[255,null],[[0,null],[0,null],[0,null],[8,null]],[[0,null],[0,null],[0,null],[8,null]],[[0,null],[0,null],[0,null],[8,null]],[["IGNOREPROJECTOR","true"],["PreviewType","Plane"],["QUEUE","Transparent"],["RenderType","Transparent"]],["FOG_EXP","FOG_EXP2","FOG_LINEAR","STEREO_CUBEMAP_RENDER_ON","STEREO_INSTANCING_ON","STEREO_MULTIVIEW_ON","UNITY_SINGLE_PASS_STEREO","_"],[],[],[],0]],[],[["_MainTex",4,0,0,0,0,"white",0]],null,null,0,0,0]},{"id":68,"assetBundleId":-2,"data":[[],"Legacy Shaders/VertexLit",null,["FOG_EXP","FOG_EXP2","FOG_LINEAR","POINT","SPOT","SHADOWS_DEPTH","STEREO_CUBEMAP_RENDER_ON","STEREO_INSTANCING_ON","STEREO_MULTIVIEW_ON","UNITY_SINGLE_PASS_STEREO","_","__","INSTANCING_ON","SHADOWS_CUBE"],[[0,0,"",1,"",0,[4,null],[1,null],[2,null],[[1,null],[0,null],[0,null]],[[1,null],[0,null],[0,null]],[15,null],[0,null],[0,null],[0,null],[255,null],[255,null],[[0,null],[0,null],[0,null],[8,null]],[[0,null],[0,null],[0,null],[8,null]],[[0,null],[0,null],[0,null],[8,null]],[["LIGHTMODE","Vertex"],["RenderType","Opaque"]],["FOG_EXP","FOG_EXP2","FOG_LINEAR","POINT","SPOT","STEREO_CUBEMAP_RENDER_ON","STEREO_INSTANCING_ON","STEREO_MULTIVIEW_ON","UNITY_SINGLE_PASS_STEREO","_"],[],[],[],0],[1,0,"",2,"",0,[4,null],[1,null],[2,null],[[1,null],[0,null],[0,null]],[[1,null],[0,null],[0,null]],[15,null],[0,null],[0,null],[0,null],[255,null],[255,null],[[0,null],[0,null],[0,null],[8,null]],[[0,null],[0,null],[0,null],[8,null]],[[0,null],[0,null],[0,null],[8,null]],[["LIGHTMODE","VertexLM"],["RenderType","Opaque"]],["FOG_EXP","FOG_EXP2","FOG_LINEAR","STEREO_CUBEMAP_RENDER_ON","STEREO_INSTANCING_ON","STEREO_MULTIVIEW_ON","UNITY_SINGLE_PASS_STEREO","__"],[],[],[],0],[2,0,"ShadowCaster",8,"",0,[4,null],[1,null],[2,null],[[1,null],[0,null],[0,null]],[[1,null],[0,null],[0,null]],[15,null],[0,null],[0,null],[0,null],[255,null],[255,null],[[0,null],[0,null],[0,null],[8,null]],[[0,null],[0,null],[0,null],[8,null]],[[0,null],[0,null],[0,null],[8,null]],[["LIGHTMODE","SHADOWCASTER"],["RenderType","Opaque"],["SHADOWSUPPORT","true"]],["INSTANCING_ON","SHADOWS_CUBE","SHADOWS_DEPTH","STEREO_CUBEMAP_RENDER_ON","STEREO_INSTANCING_ON","STEREO_MULTIVIEW_ON","UNITY_SINGLE_PASS_STEREO","__"],[],[],[],0]],[],[["_Color",0,1,1,1,1,"",0],["_SpecColor",0,1,1,1,1,"",0],["_Emission",0,0,0,0,0,"",0],["_Shininess",3,0.699999988079071,0.00999999977648258,1,0,"",0],["_MainTex",4,0,0,0,0,"white",0]],null,null,0,0,0]},{"id":48,"assetBundleId":-2,"data":[[],"Hidden/BlitCopy",null,["STEREO_CUBEMAP_RENDER_ON","STEREO_INSTANCING_ON","STEREO_MULTIVIEW_ON","UNITY_SINGLE_PASS_STEREO"],[[0,0,"",0,"",0,[8,null],[0,null],[0,null],[[1,null],[0,null],[0,null]],[[1,null],[0,null],[0,null]],[15,null],[0,null],[0,null],[0,null],[255,null],[255,null],[[0,null],[0,null],[0,null],[8,null]],[[0,null],[0,null],[0,null],[8,null]],[[0,null],[0,null],[0,null],[8,null]],[],["STEREO_CUBEMAP_RENDER_ON","STEREO_INSTANCING_ON","STEREO_MULTIVIEW_ON","UNITY_SINGLE_PASS_STEREO"],[],[],[],0]],[],[["_MainTex",4,0,0,0,0,"",0],["_Color",0,1,1,1,1,"",0]],null,null,0,0,0]},{"id":8,"assetBundleId":-2,"data":[[],"Hidden/Internal-ScreenSpaceShadows",null,["SHADOWS_SINGLE_CASCADE","SHADOWS_SPLIT_SPHERES","STEREO_CUBEMAP_RENDER_ON","STEREO_INSTANCING_ON","STEREO_MULTIVIEW_ON","UNITY_SINGLE_PASS_STEREO"],[[0,0,"",0,"",0,[8,null],[0,null],[0,null],[[1,null],[0,null],[0,null]],[[1,null],[0,null],[0,null]],[15,null],[0,null],[0,null],[0,null],[255,null],[255,null],[[0,null],[0,null],[0,null],[8,null]],[[0,null],[0,null],[0,null],[8,null]],[[0,null],[0,null],[0,null],[8,null]],[["ShadowmapFilter","HardShadow"]],["SHADOWS_SINGLE_CASCADE","SHADOWS_SPLIT_SPHERES","STEREO_CUBEMAP_RENDER_ON","STEREO_INSTANCING_ON","STEREO_MULTIVIEW_ON","UNITY_SINGLE_PASS_STEREO"],[],[],[],1],[0,0,"",0,"",0,[8,null],[0,null],[0,null],[[1,null],[0,null],[0,null]],[[1,null],[0,null],[0,null]],[15,null],[0,null],[0,null],[0,null],[255,null],[255,null],[[0,null],[0,null],[0,null],[8,null]],[[0,null],[0,null],[0,null],[8,null]],[[0,null],[0,null],[0,null],[8,null]],[["ShadowmapFilter","HardShadow"]],["SHADOWS_SINGLE_CASCADE","SHADOWS_SPLIT_SPHERES","STEREO_CUBEMAP_RENDER_ON","STEREO_INSTANCING_ON","STEREO_MULTIVIEW_ON","UNITY_SINGLE_PASS_STEREO"],[],[],[],1],[0,2,"",0,"",0,[8,null],[0,null],[0,null],[[1,null],[0,null],[0,null]],[[1,null],[0,null],[0,null]],[15,null],[0,null],[0,null],[0,null],[255,null],[255,null],[[0,null],[0,null],[0,null],[8,null]],[[0,null],[0,null],[0,null],[8,null]],[[0,null],[0,null],[0,null],[8,null]],[["ShadowmapFilter","PCF_SOFT"]],["SHADOWS_SINGLE_CASCADE","SHADOWS_SPLIT_SPHERES","STEREO_CUBEMAP_RENDER_ON","STEREO_INSTANCING_ON","STEREO_MULTIVIEW_ON","UNITY_SINGLE_PASS_STEREO"],[],[],[],1],[0,2,"",0,"",0,[8,null],[0,null],[0,null],[[1,null],[0,null],[0,null]],[[1,null],[0,null],[0,null]],[15,null],[0,null],[0,null],[0,null],[255,null],[255,null],[[0,null],[0,null],[0,null],[8,null]],[[0,null],[0,null],[0,null],[8,null]],[[0,null],[0,null],[0,null],[8,null]],[["ShadowmapFilter","PCF_SOFT"]],["SHADOWS_SINGLE_CASCADE","SHADOWS_SPLIT_SPHERES","STEREO_CUBEMAP_RENDER_ON","STEREO_INSTANCING_ON","STEREO_MULTIVIEW_ON","UNITY_SINGLE_PASS_STEREO"],[],[],[],1]],[],[["_ShadowMapTexture",4,0,0,0,0,"",0],["_ODSWorldTexture",4,0,0,0,0,"",0]],null,null,1,0,0]}],"sprites":[{"id":842,"path":"Resources/unity_builtin_extra\\UISprite","assetBundleId":-2,"data":["UISprite",1,840,[0,0,0,0.08,0.08,0],[0.05,0.08,0,0.8125,1,0.08,-0.08,0,1,0,0.08,0.075,0,1,0.96875,-0.07,0.08,0,0.0625,1,-0.075,-0.08,0,0.03124997,0,-0.08,0.07,0,0,0.9375,-0.08,-0.05,0,0,0.1875],[6,5,4,3,4,5,1,4,3,0,1,3,2,1,0],-0.000835968181490898,-0.00160364620387554,0.999164044857025,0.998396337032318,0,0,1,1,0.3125,0.3125,0.3125,0.3125,[0,0,0,0],[-0.08,-0.08,0.08,0.08],200,32,32,32,32,16,16,0.0267509818077087,0.0513166785240173]},{"id":862,"path":"Resources/unity_builtin_extra\\UIMask","assetBundleId":-2,"data":["UIMask",1,860,[0,0,0,0.07,0.07,0],[0.055,0.07,0,0.84375,0.9375,0.07,-0.06,0,0.9375,0.125,0.07,0.055,0,0.9375,0.84375,0.055,-0.07,0,0.84375,0.0625,-0.065,-0.07,0,0.09375,0.0625,-0.07,0.07,0,0.0625,0.9375,-0.07,-0.06,0,0.0625,0.125],[6,5,4,0,4,5,3,4,0,1,3,0,2,1,0],-0.000835970044136047,-0.000835970044136047,0.999164044857025,0.999164044857025,0.0625,0.0625,0.9375,0.9375,0.3125,0.3125,0.3125,0.3125,[0,0,0,0],[-0.08,-0.08,0.08,0.08],200,32,32,32,32,16,16,2.02675104141235,2.02675104141235]},{"id":846,"path":"Resources/unity_builtin_extra\\Background","assetBundleId":-2,"data":["Background",1,844,[0,0,0,0.08,0.08,0],[0.05,0.08,0,0.8125,1,0.08,-0.08,0,1,0,0.08,0.075,0,1,0.96875,-0.07,0.08,0,0.0625,1,-0.075,-0.08,0,0.03124997,0,-0.08,0.07,0,0,0.9375,-0.08,-0.05,0,0,0.1875],[6,5,4,3,4,5,1,4,3,0,1,3,2,1,0],-0.000835968181490898,-0.00160364620387554,0.999164044857025,0.998396337032318,0,0,1,1,0.3125,0.3125,0.3125,0.3125,[0,0,0,0],[-0.08,-0.08,0.08,0.08],200,32,32,32,32,16,16,0.0267509818077087,0.0513166785240173]}],"textures":[{"id":816,"type":0,"path":"Resources/unity_builtin_extra\\Default-Particle","assetBundleId":-2,"data":["Default-Particle",64,64,7,1,1,0,4,0,0,1,8,0,0,0,0]},{"id":830,"type":0,"path":"Resources/unity_builtin_extra\\Default-ParticleSystem","assetBundleId":-2,"data":["Default-ParticleSystem",64,64,7,1,1,0,4,1,0,1,8,0,0,1,1]},{"id":840,"type":0,"path":"Resources/unity_builtin_extra\\UISprite","assetBundleId":-2,"data":["UISprite",32,32,6,16,1,0,4,1,1,1,8,0,0,1,1]},{"id":844,"type":0,"path":"Resources/unity_builtin_extra\\Background","assetBundleId":-2,"data":["Background",32,32,6,16,1,0,4,1,1,1,8,0,0,1,1]},{"id":860,"type":0,"path":"Resources/unity_builtin_extra\\UIMask","assetBundleId":-2,"data":["UIMask",32,32,6,16,1,0,4,1,1,1,8,0,0,1,1]}],"cubemaps":[{"id":35536,"type":2,"path":"Assets/Game_Play/Scenes/GamePlay.unity/PrefilteredEnvironment.exr","assetBundleId":-2,"data":["",-426054,8,0,128,0,2,[0,0,0.25,0.5,0,0.5,0.25,1,0.25,0,0.5,0.5,0.25,0.5,0.5,1,0.5,0,0.75,0.5,0.75,0,1,0.5,0.5,0.5,0.625,0.75,0.5,0.75,0.625,1,0.625,0.5,0.75,0.75,0.625,0.75,0.75,1,0.75,0.5,0.875,0.75,0.875,0.5,1,0.75,0.75,0.75,0.8125,0.875,0.75,0.875,0.8125,1,0.8125,0.75,0.875,0.875,0.8125,0.875,0.875,1,0.875,0.75,0.9375,0.875,0.9375,0.75,1,0.875,0.875,0.875,0.90625,0.9375,0.875,0.9375,0.90625,1,0.90625,0.875,0.9375,0.9375,0.90625,0.9375,0.9375,1,0.9375,0.875,0.96875,0.9375,0.96875,0.875,1,0.9375,0.9375,0.9375,0.953125,0.96875,0.9375,0.96875,0.953125,1,0.953125,0.9375,0.96875,0.96875,0.953125,0.96875,0.96875,1,0.96875,0.9375,0.984375,0.96875,0.984375,0.9375,1,0.96875,0.96875,0.96875,0.9765625,0.984375,0.96875,0.984375,0.9765625,1,0.9765625,0.96875,0.984375,0.984375,0.9765625,0.984375,0.984375,1,0.984375,0.96875,0.9921875,0.984375,0.9921875,0.96875,1,0.984375,0.984375,0.984375,0.98828125,0.9921875,0.984375,0.9921875,0.98828125,1,0.98828125,0.984375,0.9921875,0.9921875,0.98828125,0.9921875,0.9921875,1,0.9921875,0.984375,0.99609375,0.9921875,0.99609375,0.984375,1,0.9921875,0.9921875,0.9921875,0.994140625,0.99609375,0.9921875,0.99609375,0.994140625,1,0.994140625,0.9921875,0.99609375,0.99609375,0.994140625,0.99609375,0.99609375,1,0.99609375,0.9921875,0.998046875,0.99609375,0.998046875,0.9921875,1,0.99609375],1,1]}],"resources":[{"id":0,"assetBundleId":-2,"data":[[["unity_builtin_extra",1,860],["unity_builtin_extra",15,862],["allin1spriteshader",0,420],["unity_builtin_extra",1,840],["unity_builtin_extra",15,842],["unity_builtin_extra",1,844],["unity_builtin_extra",15,846],["unity_builtin_extra",0,28],["unity_builtin_extra",7,556],["unity_builtin_extra",0,174],["unity_builtin_extra",1,830],["unity_builtin_extra",7,832],["unity_builtin_extra",0,290],["unity_builtin_extra",0,166],["unity_builtin_extra",1,816],["unity_builtin_extra",7,818],["unity_builtin_extra",0,292],["unity_builtin_extra",0,296],["unity_builtin_extra",0,150],["unity_builtin_extra",7,824],["unity_builtin_extra",0,30],["dotweensettings",192,34986],["sprite assets/emojione",7,34992],["sprite assets/emojione",49,34976],["style sheets/default style sheet",194,34980],["linebreaking leading characters",180,34982],["linebreaking following characters",180,34984],["tmp settings",193,34978],["unity_builtin_extra",0,8],["allin1oneshaderfunctions",195,34988],["allin1spriteshaderscaledtime",0,414],["allin1spriteshaderuimask",0,434],["smoke",17,34972]],[28320,27168,29554,27168,29556,27168,28326,27168,28324,27168,26574,26572,34210,26572,34224,26572,34226,26572,34228,26572,34212,26572,26778,26572,26772,26572,26780,26572,34220,26572,34238,26572,34268,26572,34214,26572,34208,26572,34258,26572,26782,26572,34252,26572,34232,26572,26576,26572,129324,129684,34244,26572,34246,26572,-420804,129684,34300,26572,34302,26572,34296,26572,34274,26572,26770,26572,-420812,129684,-420820,129684,-420828,129684,34250,26572,-420836,129684,34292,26572,34294,26572,34282,26572,34284,26572,34298,26572,34270,26572,34272,26572,-420844,129684,-420852,129684,-420860,129684,-420868,129684,34248,26572,26774,26572,-420880,129684,34306,26572,34308,26572,-420888,129684,-420876,129684,34276,26572,34278,26572,26704,26702,26698,26702,-422124,129684,32076,26702,26762,26702,26700,26702,-422128,129684,-423058,129684,-423062,129684,-420796,129684,34230,26572,-420824,129684,-420864,129684,-420808,129684,34234,26572,-420790,129684,129326,129684,129808,129684,-422020,129684,-422028,129684,-422036,129684,-422044,129684,-422052,129684,-422060,129684,-422068,129684,-422076,129684,-422084,129684,-422096,129684,-422104,129684,-422092,129684,-422012,129684,-422040,129684,-422080,129684,-422024,129684,-422006,129684,129810,129684,130020,129684,-422752,129684,-422760,129684,-422768,129684,-422776,129684,-422784,129684,-422792,129684,-422800,129684,-422808,129684,-422816,129684,-422828,129684,-422836,129684,-422824,129684,-422744,129684,-422772,129684,-422812,129684,-422756,129684,-422738,129684,130022,129684,129862,129684,-422154,129684,-422162,129684,-422170,129684,-422178,129684,-422186,129684,-422194,129684,-422202,129684,-422210,129684,-422218,129684,-422230,129684,-422238,129684,-422226,129684,-422146,129684,-422174,129684,-422214,129684,-422158,129684,-422140,129684,129864,129684,129664,129684,-421696,129684,-421704,129684,-421712,129684,-421720,129684,-421728,129684,-421736,129684,-421744,129684,-421752,129684,-421760,129684,-421772,129684,-421780,129684,-421768,129684,-421688,129684,-421716,129684,-421756,129684,-421700,129684,-421682,129684,129666,129684,129802,129684,-421912,129684,-421920,129684,-421928,129684,-421936,129684,-421944,129684,-421952,129684,-421960,129684,-421968,129684,-421976,129684,-421988,129684,-421996,129684,-421984,129684,-421904,129684,-421932,129684,-421972,129684,-421916,129684,-421898,129684,129804,129684,130088,129684,-422968,129684,-422976,129684,-422984,129684,-422992,129684,-423000,129684,-423008,129684,-423016,129684,-423024,129684,-423032,129684,-423044,129684,-423052,129684,-423040,129684,-421666,129684,-421670,129684,-422110,129684,-422114,129684,-422960,129684,-422988,129684,-423028,129684,-422972,129684,-422954,129684,130090,129684,129934,129684,-422326,129684,-422334,129684,-422342,129684,-422350,129684,-422358,129684,-422366,129684,-422374,129684,-422382,129684,-422390,129684,-422402,129684,-422410,129684,-422398,129684,-422318,129684,-422346,129684,-422386,129684,-422330,129684,-422312,129684,129936,129684,130156,129684,-423088,129684,-423096,129684,-423104,129684,-423112,129684,-423120,129684,-423128,129684,-423136,129684,-423144,129684,-423152,129684,-423164,129684,-423172,129684,-423160,129684,-423080,129684,-423108,129684,-423148,129684,-423092,129684,-423074,129684,130158,129684,130074,129684,-422860,129684,-422868,129684,-422876,129684,-422884,129684,-422892,129684,-422900,129684,-422908,129684,-422916,129684,-422924,129684,-422936,129684,-422944,129684,-422932,129684,-422852,129684,-422880,129684,-422920,129684,-422864,129684,-422846,129684,130076,129684,130280,129684,-423264,129684,-423272,129684,-423280,129684,-423288,129684,-423296,129684,-423304,129684,-423312,129684,-423320,129684,-423328,129684,-423340,129684,-423348,129684,-423336,129684,-423256,129684,-423284,129684,-423324,129684,-423268,129684,-423250,129684,130282,129684,129714,129684,-421804,129684,-421812,129684,-421820,129684,-421828,129684,-421836,129684,-421844,129684,-421852,129684,-421860,129684,-421868,129684,-421880,129684,-421888,129684,-421876,129684,-421796,129684,-421824,129684,-421864,129684,-421808,129684,-421790,129684,129712,129684,26710,26714,26960,26714,26718,26984,34824,26984,34826,26984,34828,26984,34830,26984,34832,26984,34834,26984,34844,26984,26982,26984,34856,26984,34850,26984,34852,26984,34848,26984,34854,26984,129574,129684,-424324,129684,-424330,129684,-424336,129684,-424342,129684,-424348,129684,-424354,129684,26986,26984,-424320,129684,-424326,129684,-424332,129684,-424344,129684,-424350,129684,-424356,129684,-424338,129684,129556,129684,27984,26928,28192,26928,28196,26928,27992,26928,26970,26722,26972,26722,29348,26722,28076,26722,28078,26722,28080,26722,28082,26722,28086,26722,130722,129530,30678,26722,30680,26722,30672,26722,-424100,129530,30682,26722,-424108,129530,30674,26722,30676,26722,29340,26722,29342,26722,-424084,129530,-424092,129530,-424116,129530,27482,26722,27484,26722,-424112,129530,-424096,129530,27486,26722,26870,26720,26874,26720,29336,26720,28056,26720,28058,26720,28060,26720,28062,26720,28064,26720,28072,26720,28074,26720,27478,26720,27476,26720,130220,129530,30662,26720,30664,26720,30660,26720,30656,26720,-423214,129530,32078,26720,32080,26720,-423222,129530,29324,26720,29326,26720,29318,26720,29320,26720,29322,26720,29328,26720,29330,26720,-423190,129530,-423198,129530,-423206,129530,-423230,129530,-423240,129530,27474,26720,-423210,129530,-423202,129530,27480,26720,-423184,129530,-423182,129530,26952,26792,28118,26792,29356,26792,29362,26792,26944,26792,28110,26792,30714,26792,27510,26792,28120,26792,29402,26792,30702,30698,32086,30698,30694,30698,26950,26792,33200,30698,30726,26792,28122,26792,32088,30698,29368,30698,29374,26792,26948,26792,30706,26792,29394,26792,26946,26792,30704,26792,29388,26792,28114,26792,28116,26792,28124,26792,28126,26792,28088,26792,28090,26792,28092,26792,28094,26792,28096,26792,28098,26792,28102,26792,28104,26792,130674,129530,30732,26792,30686,26792,30688,26792,-423618,129530,29358,26792,29360,26792,29364,26792,29366,26792,32092,26792,26942,26792,-423630,129530,-423638,129530,-423646,129530,-423654,129530,30712,26792,30716,26792,-423622,129530,-423594,129530,-423658,129530,30692,26792,-423662,129530,-423676,129530,32096,26792,-423684,129530,-423670,129530,30728,26792,-423688,129530,-423692,129530,32094,26792,-423700,129530,30708,26792,-423704,129530,-423708,129530,32084,26792,-423716,129530,30700,26792,-423720,129530,30724,26792,30730,26792,30718,26792,-423602,129530,-423610,129530,-423724,129530,-423732,129530,-423680,129530,-423696,129530,-423712,129530,-423626,129530,-423728,129530,-423606,129530,-423666,129530,-423736,129530,27512,26792,27514,26792,34330,26624,34360,26624,26626,26624,26622,26624,34414,26624,34334,26624,34472,26624,34350,26624,34394,26624,34494,26624,34352,26624,34400,26624,34500,26624,26642,26624,26650,26624,26636,26624,26618,26624,26648,26624,34468,26624,34336,26624,26620,26624,26652,26624,26630,26624,26638,26624,26628,26624,34406,26624,26610,26624,26656,26624,26616,26624,26640,26624,34384,26624,34386,26624,26632,26624,34388,26624,26646,26624,34470,26624,26654,26624,26634,26624,34372,26624,26660,26624,34338,26624,34346,26624,34340,26624,26644,26624,26614,26624,26608,26624,34332,26624,34418,26624,34422,26624,34444,26624,34446,26624,34450,26624,26612,26624,34452,26624,34454,26624,34456,26624,34458,26624,-423764,129530,34534,26624,34536,26624,-423772,129530,130002,129530,34416,26624,34420,26624,-423794,129530,34592,26624,-423802,129530,-423788,129530,34498,26624,-423806,129530,-423810,129530,34580,26624,-423818,129530,34474,26624,-423822,129530,-423826,129530,34586,26624,-423834,129530,34490,26624,-423838,129530,34408,26624,-423854,129530,34526,26624,34528,26624,34552,26624,34554,26624,34542,26624,34544,26624,34588,26624,34606,26624,34608,26624,-423858,129530,-423866,129530,-423874,129530,-423882,129530,-423890,129530,-423842,129530,-423898,129530,34520,26624,34522,26624,34546,26624,34548,26624,34530,26624,34532,26624,34600,26624,34602,26624,34604,26624,-423902,129530,-423910,129530,-423918,129530,-423926,129530,-423934,129530,-423942,129530,34508,26624,34510,26624,34538,26624,34540,26624,34502,26624,34504,26624,34570,26624,34594,26624,34596,26624,34590,26624,34572,26624,34574,26624,-423946,129530,-423954,129530,-423962,129530,-423970,129530,-423978,129530,-423986,129530,-423994,129530,-424002,129530,34582,26624,34584,26624,34576,26624,34578,26624,34610,26624,34612,26624,-424008,129530,-424016,129530,-424024,129530,34370,26624,34374,26624,-423846,129530,130708,129530,34376,26624,-424032,129530,34560,26624,34562,26624,34564,26624,-424036,129530,-424046,129530,34482,26624,34484,26624,34512,26624,34514,26624,34478,26624,34480,26624,-424052,129530,-424060,129530,-424068,129530,34378,26624,-423780,129530,34354,26624,34356,26624,-423768,129530,-423784,129530,-423974,129530,-423990,129530,-423886,129530,-423930,129530,-424004,129530,-423798,129530,-423814,129530,-423830,129530,-420916,129530,-420924,129530,129366,129530,-420946,129530,-420954,129530,-420940,129530,-420958,129530,-420962,129530,-420970,129530,-420974,129530,-420978,129530,-420986,129530,-420990,129530,-421006,129530,-421010,129530,-421018,129530,-421026,129530,-421034,129530,-421042,129530,-420994,129530,-421050,129530,-421054,129530,-421062,129530,-421070,129530,-421078,129530,-421086,129530,-421094,129530,-421098,129530,-421106,129530,-421114,129530,-421122,129530,-421130,129530,-421138,129530,-421146,129530,-421154,129530,-421160,129530,-421168,129530,-421176,129530,-420998,129530,129368,129530,-421184,129530,-421188,129530,-421198,129530,-421204,129530,-421212,129530,-421220,129530,-420932,129530,-420920,129530,-420936,129530,-421126,129530,-421142,129530,-421038,129530,-421082,129530,-421156,129530,-420950,129530,-420966,129530,-420982,129530,-422424,129530,-422432,129530,129962,129530,-422454,129530,-422462,129530,-422448,129530,-422466,129530,-422470,129530,-422478,129530,-422482,129530,-422486,129530,-422494,129530,-422498,129530,-422514,129530,-422518,129530,-422526,129530,-422534,129530,-422542,129530,-422550,129530,-422502,129530,-422558,129530,-422562,129530,-422570,129530,-422578,129530,-422586,129530,-422594,129530,-422602,129530,-422606,129530,-422614,129530,-422622,129530,-422630,129530,-422638,129530,-422646,129530,-422654,129530,-422662,129530,-422668,129530,-422676,129530,-422684,129530,-422506,129530,129964,129530,-422692,129530,-422696,129530,-422706,129530,-422712,129530,-422720,129530,-422728,129530,-422440,129530,-422428,129530,-422444,129530,-422634,129530,-422650,129530,-422546,129530,-422590,129530,-422664,129530,-422458,129530,-422474,129530,-422490,129530,26686,26684,26688,26684,34734,26684,34628,26684,34772,26684,26680,26684,34720,26684,34790,26684,26678,26684,34714,26684,34782,26684,26674,26684,34664,26684,34666,26684,26676,26684,34668,26684,34630,26684,26682,26684,26672,26684,34722,26684,26692,26684,34724,26684,34704,26684,26696,26684,34632,26684,34660,26684,34636,26684,34642,26684,34624,26684,34626,26684,34634,26684,34672,26684,34674,26684,34686,26684,34688,26684,34690,26684,34692,26684,34694,26684,34696,26684,130704,129530,34726,26684,34728,26684,-424152,129530,34810,26684,-424160,129530,-424146,129530,34786,26684,-424164,129530,-424168,129530,34808,26684,-424176,129530,34770,26684,-424180,129530,-424184,129530,34806,26684,-424192,129530,34764,26684,-424196,129530,34736,26684,-424212,129530,34744,26684,34746,26684,34740,26684,34742,26684,34804,26684,34800,26684,34802,26684,-424216,129530,-424224,129530,-424232,129530,-424240,129530,-424200,129530,-424248,129530,34750,26684,34752,26684,34760,26684,34762,26684,34798,26684,34794,26684,34796,26684,-424252,129530,-424260,129530,-424268,129530,-424276,129530,34702,26684,34706,26684,-424204,129530,130734,129530,34708,26684,-424284,129530,34756,26684,-424288,129530,34698,26684,34700,26684,-424304,129530,34774,26684,34776,26684,34778,26684,-424308,129530,-424130,129530,-424138,129530,-424296,129530,34650,26684,34652,26684,-424134,129530,-424142,129530,-424236,129530,-424272,129530,-424156,129530,-424172,129530,-424188,129530,-424292,129530,129498,129530,-421450,129530,-421458,129530,-421444,129530,-421462,129530,-421466,129530,-421474,129530,-421478,129530,-421482,129530,-421490,129530,-421494,129530,-421510,129530,-421514,129530,-421522,129530,-421530,129530,-421538,129530,-421498,129530,-421546,129530,-421550,129530,-421558,129530,-421566,129530,-421574,129530,-421502,129530,129500,129530,-421582,129530,-421586,129530,-421602,129530,-421606,129530,-421428,129530,-421436,129530,-421594,129530,-421432,129530,-421440,129530,-421534,129530,-421570,129530,-421454,129530,-421470,129530,-421486,129530,-421590,129530,129484,129530,-421256,129530,-421264,129530,-421250,129530,-421268,129530,-421272,129530,-421280,129530,-421284,129530,-421288,129530,-421296,129530,-421300,129530,-421316,129530,-421320,129530,-421328,129530,-421336,129530,-421344,129530,-421304,129530,-421352,129530,-421356,129530,-421364,129530,-421372,129530,-421380,129530,-421308,129530,129486,129530,-421388,129530,-421392,129530,-421408,129530,-421412,129530,-421234,129530,-421242,129530,-421400,129530,-421238,129530,-421246,129530,-421340,129530,-421376,129530,-421260,129530,-421276,129530,-421292,129530,-421396,129530,130410,129530,-423384,129530,-423392,129530,-423378,129530,-423396,129530,-423400,129530,-423408,129530,-423412,129530,-423416,129530,-423424,129530,-423428,129530,-423444,129530,-423448,129530,-423456,129530,-423464,129530,-423472,129530,-423432,129530,-423480,129530,-423484,129530,-423492,129530,-423500,129530,-423508,129530,-423436,129530,130412,129530,-423516,129530,-423520,129530,-423536,129530,-423540,129530,-423362,129530,-423370,129530,-423528,129530,-423366,129530,-423374,129530,-423468,129530,-423504,129530,-423388,129530,-423404,129530,-423420,129530,-423524,129530,26756,26750,34900,26750,26754,26750,26744,26750,34906,26750,26752,26750,130774,129530,34914,26750,34916,26750,34918,26750,34920,26750,34912,26750,26746,26750,-424368,129530,-424376,129530,-424384,129530,34904,26750,34908,26750,-424362,129530,130776,129530,129868,129530,-422254,129530,-422262,129530,-422270,129530,-422248,129530,129870,129530,129928,129530,-422286,129530,-422294,129530,-422302,129530,-422280,129530,129930,129530,130578,129530,-423570,129530,-423578,129530,-423586,129530,-423564,129530,130580,129530,129610,129530,-421642,129530,-421650,129530,-421658,129530,-421636,129530,129612,129530,130526,129530,-423552,129530,129512,129530,-421618,129530,34328,34324,34318,34324,26590,26600,34326,34324,26596,26600,34316,26600,26592,26600,129342,130214,-420904,130214,-420902,130214,26588,26600,-420906,130214,26598,26600,34322,26600,129340,130214,28352,27576,28350,27576,28358,27578,29582,27578,30802,27578,29578,27578,29580,27578,29572,27578,29584,27578,28240,27580,28000,27580,28200,27580,28202,27580,28204,27580,28206,27580,28208,27580,28210,27580,28212,27580,28214,27580,28216,27580,28218,27580,28220,27580,28222,27580,28224,27580,28226,27580,28228,27580,28230,27580,28232,27580,28234,27580,28236,27580,28238,27580,29532,27580,27998,27580,28366,27582,29592,27582,30828,27582,30830,27582,30832,27582,30834,27582,30836,27582,30838,27582,30840,27582,30842,27582,30844,27582,30846,27582,30848,27582,30850,27582,30852,27582,30854,27582,30856,27582,30858,27582,30860,27582,30862,27582,30864,27582,30866,27582,29590,27582,29594,27582,29598,27586,30874,27586,30880,27586,28378,27586,29600,27586,29602,27586,28384,27588,30886,27588,32218,27588,29614,27588,29612,27588,29610,27588,29608,27588,29646,27590,30952,27590,30954,27590,30956,27590,28392,27590,28728,27680,32270,30942,28730,27680,33214,30942,33222,30942,30930,27590,34030,30942,34024,30942,32272,27590,32274,27590,29648,27590,32248,30942,32222,32254,33246,32254,33254,32254,33236,32254,33228,32254,33232,32254,33218,32254,30932,27590,34018,32254,34032,32254,34042,32254,34016,32254,34028,32254,34022,32254,34036,32254,34020,32254,34040,32254,34034,32254,34044,32254,34038,32254,32224,27590,32226,27590,32228,27590,32230,27590,32232,27590,32234,27590,30936,32254,33244,32254,30890,32242,32258,32242,32260,32242,32264,32242,29622,27590,30902,32242,30920,27590,33730,32242,30926,27590,30928,27590,29628,27590,30906,27590,30896,27590,30898,27590,29650,27590,30910,32236,33252,32236,33226,32236,29652,27590,29640,27590,29654,27590,29626,27590,29656,27590,29620,27590,29630,27590,29632,27590,29634,27590,29636,27590,29638,27590,28400,27592,29714,27592,31030,27592,31052,27592,31054,27592,30990,32332,32308,32332,33282,32332,32312,32332,33326,32332,32322,32332,33276,32332,32348,32332,32350,32332,32294,32332,29720,27592,33286,32332,30998,27592,34048,32332,32310,27592,33800,32332,31002,27592,34076,32332,32316,27592,33312,32332,31006,27592,34050,32332,32324,27592,30996,27592,31000,27592,31004,27592,31018,32332,33294,32332,29672,27592,30970,27592,32304,27592,32306,27592,30964,27592,32290,27592,33258,27592,33260,27592,33262,27592,33264,27592,33266,27592,33268,27592,31012,27592,32336,27592,32338,27592,29670,27592,29684,27592,29678,27592,29682,27592,29680,27592,29722,27592,29724,27592,31058,27592,29726,27592,28402,27592,31064,27592,31066,27592,31068,27592,31070,27592,29728,27592,31042,27592,31044,27592,31046,27592,31048,27592,29718,27592,29708,27592,29710,27592,29694,27592,29706,27592,29686,27592,29712,27592,29688,27592,29704,27592,29662,27592,29674,27592,29676,27592,29696,27592,29698,27592,29700,27592,29702,27592,29716,27592,28410,27594,29730,27594,29732,27594,28414,27596,29734,27596,29736,27596,28418,27598,29738,27598,29740,27598,28422,27600,29742,27600,29744,27600,28426,27602,29746,27602,29748,27602,28430,27604,29750,27604,29752,27604,28434,27606,29754,27606,29756,27606,28438,27608,29758,27608,29760,27608,28442,27610,29762,27610,29764,27610,28446,27612,29766,27612,29768,27612,28450,27614,29770,27614,29772,27614,28454,27616,29774,27616,29776,27616,28458,27618,31150,32434,33354,32434,33348,32434,29778,27618,29780,27618,29782,27618,28468,27622,31166,27622,32446,27622,29796,27622,29794,27622,29792,27622,29790,27622,31200,32468,33816,32468,32458,32468,29798,27624,33820,32468,33380,27624,31206,27624,28476,27624,33384,32468,31256,27624,29830,27624,31216,27624,31218,27624,31220,27624,31222,27624,31224,27624,31226,27624,31228,27624,31230,27624,31232,27624,31234,27624,31236,27624,31238,27624,31240,27624,31242,27624,31244,27624,31246,27624,31248,27624,31250,27624,31252,27624,31254,27624,29838,27624,29800,27624,31266,27624,32498,27624,32500,27624,29802,27624,31274,27624,32484,27624,32486,27624,32488,27624,32490,27624,32492,27624,32494,27624,29812,27624,31198,27624,31210,27624,31212,27624,29832,27624,31192,27624,31184,27624,31186,27624,29816,27624,29804,27624,29806,27624,29808,27624,29810,27624,29814,27624,29822,27624,29824,27624,29826,27624,29828,27624,29834,27624,29836,27624,29840,27626,31282,27626,29858,27626,28486,27626,29842,27626,33406,27626,31308,27626,31276,27626,32522,27626,32524,27626,29844,27626,31278,27626,32532,27626,32534,27626,32536,27626,32538,27626,32540,27626,32542,27626,29846,27626,31290,27626,31300,27626,31302,27626,29852,27626,29854,27626,29856,27626,29860,27626,29862,27628,31312,27628,28496,27628,32552,33412,29866,27628,33874,33412,33870,33412,31316,27628,31318,27628,31320,27628,31322,27628,29864,27628,28504,27630,29884,27630,31340,27630,29118,27920,30298,27920,30300,27920,30302,27920,29886,27630,32948,27920,32950,27920,32944,27920,32946,27920,32952,27920,32954,27920,31350,27630,31352,27630,31354,27630,29120,27920,29122,27920,29888,27630,31332,27630,31334,27630,31336,27630,29882,27630,29890,27630,29876,27630,29878,27630,29880,27630,28512,27632,29898,27632,31362,27632,29892,27632,29894,27632,29896,27632,29902,27632,29904,27632,29906,27632,29910,27634,31372,27634,28520,27634,29912,27634,29916,27636,31376,27636,28528,27636,29918,27636,28536,27638,29922,27638,29924,27638,28544,27640,29928,27640,29930,27640,28552,27642,29932,27642,29934,27642,28560,27644,29938,27644,29940,27644,28568,27646,29944,27646,29946,27646,29952,27648,31390,27648,28576,27648,29954,27648,28584,27650,29958,27650,31394,27650,31398,27650,31400,27650,29956,27650,29960,27650,29964,27650,28592,27652,29970,27652,31408,27652,31412,27652,31414,27652,29972,27652,29974,27652,29968,27652,28600,27654,29978,27654,31426,27654,31418,27654,31420,27654,29976,27654,29980,27654,29984,27654,28608,27656,29988,27656,31436,27656,31430,27656,31432,27656,29986,27656,29990,27656,29994,27656,30006,27658,30008,27658,29996,27658,28616,27658,30000,27658,31444,27658,31450,27658,31452,27658,29998,27658,30002,27658,30010,27658,30046,27660,33528,27660,31492,27660,28624,27660,31496,27660,30034,27660,31506,27660,31508,27660,31510,27660,31512,27660,31514,27660,31516,27660,31518,27660,31520,27660,31522,27660,31524,27660,31526,27660,31528,27660,31530,27660,31532,27660,31534,27660,31536,27660,31538,27660,31540,27660,31542,27660,31544,27660,30044,27660,30048,27660,31552,27660,32696,27660,32698,27660,30050,27660,31560,27660,32682,27660,32684,27660,32686,27660,32688,27660,32690,27660,32692,27660,30030,27660,31486,27660,31500,27660,31502,27660,30036,27660,31480,27660,31472,27660,31474,27660,30052,27660,30022,27660,30028,27660,30024,27660,30026,27660,30040,27660,30016,27660,30018,27660,30020,27660,30032,27660,30038,27660,30042,27660,30092,27662,33562,27662,31608,27662,28634,27662,30076,27662,31620,27662,31622,27662,31624,27662,31626,27662,31628,27662,31630,27662,31632,27662,31634,27662,31636,27662,31638,27662,31640,27662,31642,27662,31644,27662,31646,27662,31648,27662,31650,27662,31652,27662,31654,27662,31656,27662,31658,27662,31660,27662,30094,27662,32774,31572,34078,31572,33566,31572,33546,31572,33534,31572,31576,27662,34088,31572,34084,31572,34092,31572,34080,31572,33934,27662,34090,31572,32776,27662,32778,27662,32780,27662,32796,31572,32740,31572,31674,27662,31666,27662,32764,27662,32766,27662,30096,27662,31676,27662,32750,27662,32752,27662,32754,27662,32756,27662,32758,27662,32760,27662,30072,27662,31602,27662,31614,27662,31616,27662,30078,27662,31596,27662,31586,27662,31588,27662,30098,27662,30064,27662,30070,27662,30066,27662,30068,27662,30082,27662,30058,27662,30060,27662,30062,27662,30074,27662,30080,27662,30086,27662,30090,27662,32820,32846,31686,32846,28644,27664,31740,32846,31742,27664,28650,27664,28646,27664,31738,27664,31770,32838,31750,32838,31712,32838,31700,32838,31766,32838,31746,32838,31728,32838,31732,32838,31716,32838,31692,32838,30112,27664,31774,27664,32814,27664,32816,27664,30134,27664,30140,27664,30142,27664,30144,27664,30148,27664,30146,27664,30138,27664,30154,27664,30150,27664,33570,32808,33974,32808,32804,32808,34116,32808,30316,27926,31966,27926,29138,27926,33642,27926,29140,27926,32806,27664,34114,32808,33574,27664,31710,27664,34102,32808,34096,27664,34100,32808,30114,27664,31680,32808,33576,32808,30124,27664,31756,27664,31758,27664,31760,27664,31762,27664,30104,27664,30102,27664,30106,27664,30108,27664,30110,27664,30116,27664,30118,27664,30120,27664,30122,27664,30126,27664,28656,27664,30100,27664,28652,27664,30130,27664,30132,27664,28648,27664,30136,27664,30152,27664,30156,27664,28660,27666,28662,27666,31786,32864,31802,32864,33594,32864,33590,32864,31776,31782,32872,31782,31812,31794,32862,31794,32870,31794,30158,27666,30160,27666,30162,27666,30164,27666,30166,27666,30168,27666,30170,27666,30178,27666,28670,27668,28672,27668,30184,27668,30190,27668,30192,27668,30194,27668,30196,27668,30188,27668,28680,27670,28682,27670,30198,27670,30200,27670,30202,27670,30204,27670,30206,27670,30214,27670,28690,27672,28692,27672,30216,27672,30218,27672,30220,27672,30222,27672,30224,27672,30232,27672,28700,27674,28702,27674,30238,27674,30244,27674,30246,27674,30248,27674,30250,27674,30252,27674,30242,27674,28710,27676,28712,27676,30254,27676,30256,27676,30258,27676,30260,27676,30262,27676,30264,27676,30272,27676,28734,27682,30282,27682,30280,27682,28740,27684,30286,27684,30284,27684,28746,27686,30290,27686,30288,27686,31936,32924,32912,32924,32916,32924,32920,32924,33626,32924,30292,27688,33988,32924,33990,32924,33998,32924,33994,32924,34000,32924,34002,32924,31942,27688,31944,27688,31946,27688,28752,27688,33620,32924,33622,32924,33624,32924,32932,27688,28754,27688,29102,27916,30294,27916,29110,27918,30296,27918,29126,27922,30308,27922,30310,27922,30306,27922,29134,27924,30312,27924,29146,27928,30318,27928,30320,27928,30322,27928,29148,27928,29182,27938,30334,27938,30336,27938,30338,27938,29190,27940,33002,27940,32998,27940,30340,27940,30342,27940,30344,27940,30346,27940,30348,27940,30350,27940,30352,27940,30354,27940,29198,27942,30356,27942,29206,27944,30358,27944,30360,27944,29214,27946,30364,27946,30366,27946,30368,27946,29222,27948,30370,27948,30372,27948,30374,27948,30376,27948,30378,27948,29230,27950,33088,27950,30380,27950,30382,27950,30384,27950,30386,27950,29238,27952,30388,27952,29252,27956,30394,27956,29260,27958,30396,27958,29274,27962,30400,27962,30402,27962,30404,27962,30406,27962,29288,27966,30410,27966,30412,27966,30414,27966,30416,27966,29296,27968,30418,27968,29300,27970,30420,27970,29308,27972,30422,27972,29312,27974,33160,27974,30424,27974,30426,27974,30428,27974,30430,27974,28178,26926,30768,26926,29474,26926,29476,26926,29478,26926,32132,26926,32134,26926,32136,26926,29500,26926,30746,26926,29472,26926,29470,26926,30736,26926,29480,26926,29482,26926,29488,26926,30780,26926,30782,26926,30742,26926,29484,26926,29486,26926,27980,26926,29468,26926,32162,26926,32158,26926,29492,26926,29494,26926,29496,26926,29498,26926,29502,26926,29504,26926,27978,26926,28190,26926,29450,26926,29452,26926,29454,26926,29456,26926,29458,26926,29460,26926,29462,26926,29464,26926,28188,26926,28180,26926,28182,26926,28184,26926,28186,26926,28170,27560,27564,27560,28130,27560,28132,27560,28134,27560,28136,27560,28138,27560,28140,27560,28142,27560,28144,27560,28146,27560,28148,27560,28150,27560,28152,27560,28154,27560,28156,27560,28158,27560,28160,27560,28162,27560,28164,27560,28166,27560,28168,27560,29424,27560,27562,27560,26892,27560,26932,27580,130694,129766,-423752,129766,-423750,129766,-423754,129766,130692,129766,119820,34972,119826,34972,119828,34972]]}],"project-settings":[{"id":-1,"assetBundleId":-2,"data":[[["UnityEngine.U2D.CinemachinePixelPerfect",-1],["UnityEngine.EventSystems.EventSystem",-1000],["UnityEngine.UI.ToggleGroup",10],["TMPro.TextMeshPro",-105],["TMPro.TextMeshProUGUI",-100],["TMPro.TextContainer",-110]],[[-184986367,"Floor",-1],[0,"Default",0],[-501203317,"Character",1],[1431334115,"Bullet",2],[-1447282765,"Effect",3],[406780517,"UI",4],[-521493689,"UI_Txt_Dame",5]],[[0,"Default"],[1,"TransparentFX"],[2,"Ignore Raycast"],[4,"Water"],[5,"UI"],[6,"Attack"],[7,"Boss"],[8,"Click"],[9,"Golem"],[10,"Character"],[11,"Pet"]],[0.0199999995529652,0.333333343267441,1,0.0299999993294477],[0,-9.8100004196167,0,6,2,0,1,[[0,0,0],[0,0,1],[0,0,2],[0,0,4],[0,0,5],[0,0,6],[0,0,7],[0,0,8],[0,0,9],[0,0,10],[0,0,11],[0,1,0],[0,1,1],[0,1,2],[0,1,4],[0,1,5],[0,1,6],[0,1,7],[0,1,8],[0,1,9],[0,1,10],[0,1,11],[0,2,0],[0,2,1],[0,2,2],[0,2,4],[0,2,5],[0,2,6],[0,2,7],[0,2,8],[0,2,9],[0,2,10],[0,2,11],[0,4,0],[0,4,1],[0,4,2],[0,4,4],[0,4,5],[0,4,6],[0,4,7],[0,4,8],[0,4,9],[0,4,10],[0,4,11],[0,5,0],[0,5,1],[0,5,2],[0,5,4],[0,5,5],[0,5,6],[0,5,7],[0,5,8],[0,5,9],[0,5,10],[0,5,11],[0,6,0],[0,6,1],[0,6,2],[0,6,4],[0,6,5],[0,6,6],[0,6,7],[0,6,8],[0,6,9],[0,6,10],[0,6,11],[0,7,0],[0,7,1],[0,7,2],[0,7,4],[0,7,5],[0,7,6],[0,7,7],[0,7,8],[0,7,9],[0,7,10],[0,7,11],[0,8,0],[0,8,1],[0,8,2],[0,8,4],[0,8,5],[0,8,6],[0,8,7],[0,8,8],[0,8,9],[0,8,10],[0,8,11],[0,9,0],[0,9,1],[0,9,2],[0,9,4],[0,9,5],[0,9,6],[0,9,7],[0,9,8],[0,9,9],[0,9,10],[0,9,11],[0,10,0],[0,10,1],[0,10,2],[0,10,4],[0,10,5],[0,10,6],[0,10,7],[0,10,8],[0,10,9],[0,10,10],[0,10,11],[0,11,0],[0,11,1],[0,11,2],[0,11,4],[0,11,5],[0,11,6],[0,11,7],[0,11,8],[0,11,9],[0,11,10],[0,11,11]]],[null,null,0,-9.8100004196167,3,8,1,0.200000002980232,8,100,360,0.200000002980232,0.75,0.5,0.00999999977648258,2,0.00999999977648258,1,1,1,1,1,0,[[0,0,0],[0,0,1],[0,0,2],[0,0,4],[0,0,5],[0,0,6],[0,0,7],[0,0,8],[0,0,9],[0,0,10],[0,0,11],[0,1,0],[0,1,1],[0,1,2],[0,1,4],[0,1,5],[0,1,6],[0,1,7],[0,1,8],[0,1,9],[0,1,10],[0,1,11],[0,2,0],[0,2,1],[0,2,2],[0,2,4],[0,2,5],[0,2,6],[0,2,7],[0,2,8],[0,2,9],[0,2,10],[0,2,11],[0,4,0],[0,4,1],[0,4,2],[0,4,4],[0,4,5],[0,4,6],[0,4,7],[0,4,8],[0,4,9],[0,4,10],[0,4,11],[0,5,0],[0,5,1],[0,5,2],[0,5,4],[0,5,5],[0,5,6],[0,5,7],[0,5,8],[0,5,9],[0,5,10],[0,5,11],[0,6,0],[0,6,1],[0,6,2],[0,6,4],[0,6,5],[0,6,6],[0,6,7],[0,6,8],[0,6,9],[0,6,10],[0,6,11],[0,7,0],[0,7,1],[0,7,2],[0,7,4],[0,7,5],[0,7,6],[0,7,7],[0,7,8],[0,7,9],[0,7,10],[0,7,11],[0,8,0],[0,8,1],[0,8,2],[0,8,4],[0,8,5],[0,8,6],[0,8,7],[0,8,8],[0,8,9],[0,8,10],[0,8,11],[0,9,0],[0,9,1],[0,9,2],[0,9,4],[0,9,5],[0,9,6],[0,9,7],[0,9,8],[0,9,9],[0,9,10],[0,9,11],[0,10,0],[0,10,1],[0,10,2],[0,10,4],[0,10,5],[0,10,6],[0,10,7],[0,10,8],[0,10,9],[0,10,10],[0,10,11],[0,11,0],[0,11,1],[0,11,2],[0,11,4],[0,11,5],[0,11,6],[0,11,7],[0,11,8],[0,11,9],[0,11,10],[0,11,11]]],[[[[],["Very Low","Low","Medium","High","Very High","Ultra"],0,0,0,0.300000011920929,1,15,0,1,0,0,0,0,0,1,2,4,0,0,0.333333343267441,0.0666666701436043,0.200000002980232,0.466666668653488,0,0,16,2,0,3,512,0,1,2,512,1,1024,0],[[],["Very Low","Low","Medium","High","Very High","Ultra"],0,0,0,0.400000005960464,1,20,0,1,0,0,0,0,0,0,2,16,0,0,0.333333343267441,0.0666666701436043,0.200000002980232,0.466666668653488,0,0,16,2,0,3,512,0,1,2,512,1,1024,1],[[],["Very Low","Low","Medium","High","Very High","Ultra"],1,1,0,0.699999988079071,1,20,0,1,0,0,0,0,0,0,2,64,1,0,0.333333343267441,0.0666666701436043,0.200000002980232,0.466666668653488,0,1,16,2,0,3,512,0,1,2,512,1,1024,2],[[],["Very Low","Low","Medium","High","Very High","Ultra"],2,1,0,1,2,40,1,1,1,0,1,0,0,0,2,256,2,1,0.333333343267441,0.0666666701436043,0.200000002980232,0.466666668653488,0,1,16,2,1,3,512,0,1,2,512,1,1024,3],[[],["Very Low","Low","Medium","High","Very High","Ultra"],2,2,2,1.5,2,70,1,1,2,1,1,0,0,0,2,1024,3,1,0.333333343267441,0.0666666701436043,0.200000002980232,0.466666668653488,0,1,16,2,1,3,512,0,1,2,512,1,1024,4],[[],["Very Low","Low","Medium","High","Very High","Ultra"],2,2,2,2,4,150,1,1,2,1,1,0,0,0,2,4096,4,1,0.333333343267441,0.0666666701436043,0.200000002980232,0.466666668653488,0,1,16,2,1,3,512,0,1,2,512,1,1024,5]],["Very Low","Low","Medium","High","Very High","Ultra"],2,2,2,2,4,150,1,1,2,1,1,0,0,0,2,4096,4,1,0.333333343267441,0.0666666701436043,0.200000002980232,0.466666668653488,0,1,16,2,1,3,512,0,1,2,512,1,1024,5],1,0,1,2,0,["Untagged","Respawn","Finish","EditorOnly","MainCamera","Player","GameController","Collider_Line_Up","Boss","Character","Bed","Door","Map","Bullet_Player","Collider_Lock_Player_Move","Golem","Soldier","Pet"]]}]}