{"title":"haunted","icon":null,"fields":{},"assets":{},"sections":[],"preloader":{"fields":{"System.String":{"Playable Name":{"id":"parameter\/preloader\/name","title":"Playable Name","type":"string","defaultValue":[null],"constraints":{},"section":"Preloader","order":1,"localization":0,"options":{}}},"UnityEngine.Color":{"Background Color":{"id":"parameter\/preloader\/color","title":"Background Color","type":"color","defaultValue":[0,0,0,1],"constraints":{},"section":"Preloader","order":2,"localization":0,"options":{}}}},"assets":{"":{"id":"asset\/preloader\/icon","title":"","type":"texture","section":"Preloader","order":0}},"sections":[{"title":"Preloader","order":0,"fixed":1}]},"buildId":"49b1672d-5330-403e-92b4-1642dce14a12"}