{"materials":[{"id":824,"path":"Resources/unity_builtin_extra\\Default-Skybox","assetBundleId":-2,"data":["Default-Skybox",0,150,1000,0,[["_SunDisk",1],["_SunSize",0.0399999991059303],["_SunSizeConvergence",5],["_AtmosphereThickness",1],["_Exposure",1.29999995231628]],[["_SkyTint",0.5,0.5,0.5,1],["_GroundColor",0.368999987840652,0.349000006914139,0.340999990701675,1]],[],[],[["_SUNDISK_SIMPLE",1]]]},{"id":818,"path":"Resources/unity_builtin_extra\\Default-Particle","assetBundleId":-2,"data":["Default-Particle",0,166,3000,0,[["_InvFade",1]],[],[["_MainTex_ST",1,1,0,0]],[["_MainTex",1,816]],[]]},{"id":832,"path":"Resources/unity_builtin_extra\\Default-ParticleSystem","assetBundleId":-2,"data":["Default-ParticleSystem",0,174,3000,0,[["_Cutoff",0.5],["_BumpScale",1],["_DistortionStrength",1],["_DistortionBlend",0.5],["_SoftParticlesNearFadeDistance",0],["_SoftParticlesFarFadeDistance",1],["_CameraNearFadeDistance",1],["_CameraFarFadeDistance",2],["_Mode",2],["_ColorMode",0],["_FlipbookMode",0],["_LightingEnabled",0],["_DistortionEnabled",0],["_EmissionEnabled",0],["_BlendOp",0],["_SrcBlend",5],["_DstBlend",10],["_ZWrite",0],["_Cull",2],["_SoftParticlesEnabled",0],["_CameraFadingEnabled",0],["_DistortionStrengthScaled",0]],[["_Color",1,1,1,1],["_EmissionColor",0,0,0,1]],[["_MainTex_ST",1,1,0,0],["_BumpMap_ST",1,1,0,0],["_EmissionMap_ST",1,1,0,0],["_SoftParticleFadeParams",0,0,0,0],["_CameraFadeParams",0,1e9999,0,0],["_ColorAddSubDiff",0,0,0,0]],[["_MainTex",1,830],["_BumpMap",null,null],["_EmissionMap",null,null]],[["_ALPHABLEND_ON",1]]]},{"id":556,"path":"Resources/unity_builtin_extra\\Sprites-Default","assetBundleId":-2,"data":["Sprites-Default",0,28,3000,0,[["PixelSnap",0],["_EnableExternalAlpha",0]],[["_Color",1,1,1,1],["_RendererColor",1,1,1,1]],[["_MainTex_ST",1,1,0,0],["_Flip",1,1,1,1],["_AlphaTex_ST",1,1,0,0]],[["_MainTex",null,null],["_AlphaTex",null,null]],[]]}],"shaders":[{"id":290,"assetBundleId":-2,"data":[[],"Mobile/Particles/Additive",null,["FOG_EXP","FOG_EXP2","FOG_LINEAR","STEREO_CUBEMAP_RENDER_ON","STEREO_INSTANCING_ON","STEREO_MULTIVIEW_ON","UNITY_SINGLE_PASS_STEREO","_"],[[0,0,"",0,"",0,[4,null],[0,null],[0,null],[[5,null],[1,null],[0,null]],[[5,null],[1,null],[0,null]],[15,null],[0,null],[0,null],[0,null],[255,null],[255,null],[[0,null],[0,null],[0,null],[8,null]],[[0,null],[0,null],[0,null],[8,null]],[[0,null],[0,null],[0,null],[8,null]],[["IGNOREPROJECTOR","true"],["PreviewType","Plane"],["QUEUE","Transparent"],["RenderType","Transparent"]],["FOG_EXP","FOG_EXP2","FOG_LINEAR","STEREO_CUBEMAP_RENDER_ON","STEREO_INSTANCING_ON","STEREO_MULTIVIEW_ON","UNITY_SINGLE_PASS_STEREO","_"],[],[[0,0,[],0,1,0,0],[0,0,[],2,3,1,0]],[],0]],[],[["_MainTex",4,0,0,0,0,"white",0]],null,null,0,0,0]},{"id":150,"assetBundleId":-2,"data":[[],"Skybox/Procedural",null,["_SUNDISK_HIGH_QUALITY","_SUNDISK_NONE","_SUNDISK_SIMPLE","STEREO_CUBEMAP_RENDER_ON","STEREO_INSTANCING_ON","STEREO_MULTIVIEW_ON","UNITY_SINGLE_PASS_STEREO"],[[0,0,"",0,"",0,[4,null],[0,null],[0,null],[[1,null],[0,null],[0,null]],[[1,null],[0,null],[0,null]],[15,null],[0,null],[0,null],[0,null],[255,null],[255,null],[[0,null],[0,null],[0,null],[8,null]],[[0,null],[0,null],[0,null],[8,null]],[[0,null],[0,null],[0,null],[8,null]],[["PreviewType","Skybox"],["QUEUE","Background"],["RenderType","Background"]],["STEREO_CUBEMAP_RENDER_ON","STEREO_INSTANCING_ON","STEREO_MULTIVIEW_ON","UNITY_SINGLE_PASS_STEREO","_SUNDISK_HIGH_QUALITY","_SUNDISK_NONE","_SUNDISK_SIMPLE"],[],[],[],0]],[],[["_SunDisk",2,2,0,0,0,"",0],["_SunSize",3,0.0399999991059303,0,1,0,"",0],["_SunSizeConvergence",3,5,1,10,0,"",0],["_AtmosphereThickness",3,1,0,5,0,"",0],["_SkyTint",0,0.5,0.5,0.5,1,"",0],["_GroundColor",0,0.368999987840652,0.349000006914139,0.340999990701675,1,"",0],["_Exposure",3,1.29999995231628,0,8,0,"",0]],null,null,0,0,0]},{"id":292,"assetBundleId":-2,"data":[[],"Mobile/Particles/Alpha Blended",null,["FOG_EXP","FOG_EXP2","FOG_LINEAR","STEREO_CUBEMAP_RENDER_ON","STEREO_INSTANCING_ON","STEREO_MULTIVIEW_ON","UNITY_SINGLE_PASS_STEREO","_"],[[0,0,"",0,"",0,[4,null],[0,null],[0,null],[[5,null],[10,null],[0,null]],[[5,null],[10,null],[0,null]],[15,null],[0,null],[0,null],[0,null],[255,null],[255,null],[[0,null],[0,null],[0,null],[8,null]],[[0,null],[0,null],[0,null],[8,null]],[[0,null],[0,null],[0,null],[8,null]],[["IGNOREPROJECTOR","true"],["PreviewType","Plane"],["QUEUE","Transparent"],["RenderType","Transparent"]],["FOG_EXP","FOG_EXP2","FOG_LINEAR","STEREO_CUBEMAP_RENDER_ON","STEREO_INSTANCING_ON","STEREO_MULTIVIEW_ON","UNITY_SINGLE_PASS_STEREO","_"],[],[[0,0,[],4,1,0,0],[0,0,[],2,3,1,0]],[],0]],[],[["_MainTex",4,0,0,0,0,"white",0]],null,null,0,0,0]},{"id":296,"assetBundleId":-2,"data":[[],"Mobile/Particles/Multiply",null,["FOG_EXP","FOG_EXP2","FOG_LINEAR","STEREO_CUBEMAP_RENDER_ON","STEREO_INSTANCING_ON","STEREO_MULTIVIEW_ON","UNITY_SINGLE_PASS_STEREO","_"],[[0,0,"",0,"",0,[4,null],[0,null],[0,null],[[0,null],[3,null],[0,null]],[[0,null],[3,null],[0,null]],[15,null],[0,null],[0,null],[0,null],[255,null],[255,null],[[0,null],[0,null],[0,null],[8,null]],[[0,null],[0,null],[0,null],[8,null]],[[0,null],[0,null],[0,null],[8,null]],[["IGNOREPROJECTOR","true"],["PreviewType","Plane"],["QUEUE","Transparent"],["RenderType","Transparent"]],["FOG_EXP","FOG_EXP2","FOG_LINEAR","STEREO_CUBEMAP_RENDER_ON","STEREO_INSTANCING_ON","STEREO_MULTIVIEW_ON","UNITY_SINGLE_PASS_STEREO","_"],[],[],[],0]],[],[["_MainTex",4,0,0,0,0,"white",0]],null,null,0,0,0]},{"id":30,"assetBundleId":-2,"data":[[],"UI/Default",null,["UNITY_UI_ALPHACLIP","UNITY_UI_CLIP_RECT","STEREO_CUBEMAP_RENDER_ON","STEREO_INSTANCING_ON","STEREO_MULTIVIEW_ON","UNITY_SINGLE_PASS_STEREO","_"],[[0,0,"Default",0,"",0,[0,"unity_GUIZTestMode"],[0,null],[0,null],[[1,null],[10,null],[0,null]],[[1,null],[10,null],[0,null]],[0,"_ColorMask"],[0,null],[0,null],[0,"_Stencil"],[0,"_StencilReadMask"],[0,"_StencilWriteMask"],[[0,"_StencilOp"],[0,null],[0,null],[0,"_StencilComp"]],[[0,null],[0,null],[0,null],[8,null]],[[0,null],[0,null],[0,null],[8,null]],[["CanUseSpriteAtlas","true"],["IGNOREPROJECTOR","true"],["PreviewType","Plane"],["QUEUE","Transparent"],["RenderType","Transparent"]],["STEREO_CUBEMAP_RENDER_ON","STEREO_INSTANCING_ON","STEREO_MULTIVIEW_ON","UNITY_SINGLE_PASS_STEREO","UNITY_UI_ALPHACLIP","UNITY_UI_CLIP_RECT","_"],[],[[0,0,[],5,6,0,0],[0,0,[],7,8,1,0],[0,0,["UNITY_UI_ALPHACLIP"],5,9,0,0],[0,0,["UNITY_UI_ALPHACLIP"],7,10,1,0]],[],0]],[],[["_MainTex",4,0,0,0,0,"white",2],["_Color",0,1,1,1,1,"",0],["_StencilComp",2,8,0,0,0,"",0],["_Stencil",2,0,0,0,0,"",0],["_StencilOp",2,0,0,0,0,"",0],["_StencilWriteMask",2,255,0,0,0,"",0],["_StencilReadMask",2,255,0,0,0,"",0],["_ColorMask",2,15,0,0,0,"",0],["_UseUIAlphaClip",2,0,0,0,0,"",0]],null,null,0,0,0]},{"id":166,"assetBundleId":-2,"data":[[],"Legacy Shaders/Particles/Alpha Blended Premultiply",null,["SOFTPARTICLES_ON","STEREO_CUBEMAP_RENDER_ON","STEREO_INSTANCING_ON","STEREO_MULTIVIEW_ON","UNITY_SINGLE_PASS_STEREO","__"],[[0,0,"",0,"",0,[4,null],[0,null],[0,null],[[1,null],[10,null],[0,null]],[[1,null],[10,null],[0,null]],[14,null],[0,null],[0,null],[0,null],[255,null],[255,null],[[0,null],[0,null],[0,null],[8,null]],[[0,null],[0,null],[0,null],[8,null]],[[0,null],[0,null],[0,null],[8,null]],[["IGNOREPROJECTOR","true"],["PreviewType","Plane"],["QUEUE","Transparent"],["RenderType","Transparent"]],["SOFTPARTICLES_ON","STEREO_CUBEMAP_RENDER_ON","STEREO_INSTANCING_ON","STEREO_MULTIVIEW_ON","UNITY_SINGLE_PASS_STEREO","__"],[],[[0,0,[],11,12,0,0],[0,0,[],13,14,1,0]],[],0]],[],[["_MainTex",4,0,0,0,0,"white",0],["_InvFade",3,1,0.00999999977648258,3,0,"",0]],null,null,0,0,0]},{"id":174,"assetBundleId":-2,"data":[[],"Particles/Standard Unlit",null,["SHADOWS_DEPTH","_ALPHABLEND_ON","_ALPHAMODULATE_ON","_ALPHAPREMULTIPLY_ON","_ALPHATEST_ON","_COLORADDSUBDIFF_ON","_COLORCOLOR_ON","_COLOROVERLAY_ON","_REQUIRE_UV2","FOG_EXP","FOG_EXP2","FOG_LINEAR","_EMISSION","_FADING_ON","_NORMALMAP","INSTANCING_ON","PROCEDURAL_INSTANCING_ON","SHADOWS_CUBE","STEREO_CUBEMAP_RENDER_ON","STEREO_INSTANCING_ON","STEREO_MULTIVIEW_ON","UNITY_SINGLE_PASS_STEREO","__","_","EFFECT_BUMP","SOFTPARTICLES_ON"],[[0,0,"",0,"_GrabTexture",0,[0,null],[0,null],[0,null],[[1,null],[0,null],[0,null]],[[1,null],[0,null],[0,null]],[15,null],[0,null],[0,null],[0,null],[0,null],[0,null],[[0,null],[0,null],[0,null],[0,null]],[[0,null],[0,null],[0,null],[0,null]],[[0,null],[0,null],[0,null],[0,null]],[["LIGHTMODE","GRABPASS"]],[],[],[],[],0],[1,0,"ShadowCaster",8,"",0,[4,null],[1,null],[0,null],[[1,null],[0,null],[0,null]],[[1,null],[0,null],[0,null]],[14,null],[0,null],[0,null],[0,null],[255,null],[255,null],[[0,null],[0,null],[0,null],[8,null]],[[0,null],[0,null],[0,null],[8,null]],[[0,null],[0,null],[0,null],[8,null]],[["IGNOREPROJECTOR","true"],["LIGHTMODE","SHADOWCASTER"],["PerformanceChecks","False"],["PreviewType","Plane"],["RenderType","Opaque"],["SHADOWSUPPORT","true"]],["INSTANCING_ON","PROCEDURAL_INSTANCING_ON","SHADOWS_CUBE","SHADOWS_DEPTH","STEREO_CUBEMAP_RENDER_ON","STEREO_INSTANCING_ON","STEREO_MULTIVIEW_ON","UNITY_SINGLE_PASS_STEREO","_ALPHABLEND_ON","_ALPHAMODULATE_ON","_ALPHAPREMULTIPLY_ON","_ALPHATEST_ON","_COLORADDSUBDIFF_ON","_COLORCOLOR_ON","_COLOROVERLAY_ON","_REQUIRE_UV2","__","_"],[],[],[],0],[4,0,"",0,"",0,[4,null],[0,"_ZWrite"],[0,"_Cull"],[[0,"_SrcBlend"],[0,"_DstBlend"],[0,"_BlendOp"]],[[0,"_SrcBlend"],[0,"_DstBlend"],[0,"_BlendOp"]],[14,null],[0,null],[0,null],[0,null],[255,null],[255,null],[[0,null],[0,null],[0,null],[8,null]],[[0,null],[0,null],[0,null],[8,null]],[[0,null],[0,null],[0,null],[8,null]],[["IGNOREPROJECTOR","true"],["PerformanceChecks","False"],["PreviewType","Plane"],["RenderType","Opaque"]],["EFFECT_BUMP","FOG_EXP","FOG_EXP2","FOG_LINEAR","INSTANCING_ON","PROCEDURAL_INSTANCING_ON","SOFTPARTICLES_ON","STEREO_CUBEMAP_RENDER_ON","STEREO_INSTANCING_ON","STEREO_MULTIVIEW_ON","UNITY_SINGLE_PASS_STEREO","_ALPHABLEND_ON","_ALPHAMODULATE_ON","_ALPHAPREMULTIPLY_ON","_ALPHATEST_ON","_COLORADDSUBDIFF_ON","_COLORCOLOR_ON","_COLOROVERLAY_ON","_EMISSION","_FADING_ON","_NORMALMAP","_REQUIRE_UV2","__","_"],[],[[4,0,["_ALPHABLEND_ON"],15,16,0,0],[4,0,["_ALPHABLEND_ON"],17,18,1,0],[4,0,["_FADING_ON","_ALPHABLEND_ON"],19,20,0,0],[4,0,["_FADING_ON","_ALPHABLEND_ON"],21,22,1,0]],[],0]],[],[["_MainTex",4,0,0,0,0,"white",0],["_Color",0,1,1,1,1,"",0],["_Cutoff",3,0.5,0,1,0,"",0],["_BumpScale",2,1,0,0,0,"",0],["_BumpMap",4,0,0,0,0,"bump",0],["_EmissionColor",0,0,0,0,1,"",0],["_EmissionMap",4,0,0,0,0,"white",0],["_DistortionStrength",2,1,0,0,0,"",0],["_DistortionBlend",3,0.5,0,1,0,"",0],["_SoftParticlesNearFadeDistance",2,0,0,0,0,"",0],["_SoftParticlesFarFadeDistance",2,1,0,0,0,"",0],["_CameraNearFadeDistance",2,1,0,0,0,"",0],["_CameraFarFadeDistance",2,2,0,0,0,"",0],["_Mode",2,0,0,0,0,"",1],["_ColorMode",2,0,0,0,0,"",1],["_FlipbookMode",2,0,0,0,0,"",1],["_LightingEnabled",2,0,0,0,0,"",1],["_DistortionEnabled",2,0,0,0,0,"",1],["_EmissionEnabled",2,0,0,0,0,"",1],["_BlendOp",2,0,0,0,0,"",1],["_SrcBlend",2,1,0,0,0,"",1],["_DstBlend",2,0,0,0,0,"",1],["_ZWrite",2,1,0,0,0,"",1],["_Cull",2,2,0,0,0,"",1],["_SoftParticlesEnabled",2,0,0,0,0,"",1],["_CameraFadingEnabled",2,0,0,0,0,"",1],["_SoftParticleFadeParams",1,0,0,0,0,"",1],["_CameraFadeParams",1,0,0,0,0,"",1],["_ColorAddSubDiff",1,0,0,0,0,"",1],["_DistortionStrengthScaled",2,0,0,0,0,"",1]],0,68,0,0,0]},{"id":28,"assetBundleId":-2,"data":[[],"Sprites/Default",null,["PIXELSNAP_ON","ETC1_EXTERNAL_ALPHA","INSTANCING_ON","STEREO_CUBEMAP_RENDER_ON","STEREO_INSTANCING_ON","STEREO_MULTIVIEW_ON","UNITY_SINGLE_PASS_STEREO","_","__"],[[0,0,"",0,"",0,[4,null],[0,null],[0,null],[[1,null],[10,null],[0,null]],[[1,null],[10,null],[0,null]],[15,null],[0,null],[0,null],[0,null],[255,null],[255,null],[[0,null],[0,null],[0,null],[8,null]],[[0,null],[0,null],[0,null],[8,null]],[[0,null],[0,null],[0,null],[8,null]],[["CanUseSpriteAtlas","true"],["IGNOREPROJECTOR","true"],["PreviewType","Plane"],["QUEUE","Transparent"],["RenderType","Transparent"]],["ETC1_EXTERNAL_ALPHA","INSTANCING_ON","PIXELSNAP_ON","STEREO_CUBEMAP_RENDER_ON","STEREO_INSTANCING_ON","STEREO_MULTIVIEW_ON","UNITY_SINGLE_PASS_STEREO","_","__"],[],[[0,0,[],29,30,0,0],[0,0,[],31,32,1,0]],[],0]],[],[["_MainTex",4,0,0,0,0,"white",2],["_Color",0,1,1,1,1,"",0],["PixelSnap",2,0,0,0,0,"",0],["_RendererColor",0,1,1,1,1,"",1],["_Flip",1,1,1,1,1,"",1],["_AlphaTex",4,0,0,0,0,"white",2],["_EnableExternalAlpha",2,0,0,0,0,"",2]],null,null,0,0,0]},{"id":68,"assetBundleId":-2,"data":[[],"Legacy Shaders/VertexLit",null,["FOG_EXP","FOG_EXP2","FOG_LINEAR","POINT","SPOT","SHADOWS_DEPTH","STEREO_CUBEMAP_RENDER_ON","STEREO_INSTANCING_ON","STEREO_MULTIVIEW_ON","UNITY_SINGLE_PASS_STEREO","_","__","INSTANCING_ON","SHADOWS_CUBE"],[[0,0,"",1,"",0,[4,null],[1,null],[2,null],[[1,null],[0,null],[0,null]],[[1,null],[0,null],[0,null]],[15,null],[0,null],[0,null],[0,null],[255,null],[255,null],[[0,null],[0,null],[0,null],[8,null]],[[0,null],[0,null],[0,null],[8,null]],[[0,null],[0,null],[0,null],[8,null]],[["LIGHTMODE","Vertex"],["RenderType","Opaque"]],["FOG_EXP","FOG_EXP2","FOG_LINEAR","POINT","SPOT","STEREO_CUBEMAP_RENDER_ON","STEREO_INSTANCING_ON","STEREO_MULTIVIEW_ON","UNITY_SINGLE_PASS_STEREO","_"],[],[],[],0],[1,0,"",2,"",0,[4,null],[1,null],[2,null],[[1,null],[0,null],[0,null]],[[1,null],[0,null],[0,null]],[15,null],[0,null],[0,null],[0,null],[255,null],[255,null],[[0,null],[0,null],[0,null],[8,null]],[[0,null],[0,null],[0,null],[8,null]],[[0,null],[0,null],[0,null],[8,null]],[["LIGHTMODE","VertexLM"],["RenderType","Opaque"]],["FOG_EXP","FOG_EXP2","FOG_LINEAR","STEREO_CUBEMAP_RENDER_ON","STEREO_INSTANCING_ON","STEREO_MULTIVIEW_ON","UNITY_SINGLE_PASS_STEREO","__"],[],[],[],0],[2,0,"ShadowCaster",8,"",0,[4,null],[1,null],[2,null],[[1,null],[0,null],[0,null]],[[1,null],[0,null],[0,null]],[15,null],[0,null],[0,null],[0,null],[255,null],[255,null],[[0,null],[0,null],[0,null],[8,null]],[[0,null],[0,null],[0,null],[8,null]],[[0,null],[0,null],[0,null],[8,null]],[["LIGHTMODE","SHADOWCASTER"],["RenderType","Opaque"],["SHADOWSUPPORT","true"]],["INSTANCING_ON","SHADOWS_CUBE","SHADOWS_DEPTH","STEREO_CUBEMAP_RENDER_ON","STEREO_INSTANCING_ON","STEREO_MULTIVIEW_ON","UNITY_SINGLE_PASS_STEREO","__"],[],[],[],0]],[],[["_Color",0,1,1,1,1,"",0],["_SpecColor",0,1,1,1,1,"",0],["_Emission",0,0,0,0,0,"",0],["_Shininess",3,0.699999988079071,0.00999999977648258,1,0,"",0],["_MainTex",4,0,0,0,0,"white",0]],null,null,0,0,0]},{"id":48,"assetBundleId":-2,"data":[[],"Hidden/BlitCopy",null,["STEREO_CUBEMAP_RENDER_ON","STEREO_INSTANCING_ON","STEREO_MULTIVIEW_ON","UNITY_SINGLE_PASS_STEREO"],[[0,0,"",0,"",0,[8,null],[0,null],[0,null],[[1,null],[0,null],[0,null]],[[1,null],[0,null],[0,null]],[15,null],[0,null],[0,null],[0,null],[255,null],[255,null],[[0,null],[0,null],[0,null],[8,null]],[[0,null],[0,null],[0,null],[8,null]],[[0,null],[0,null],[0,null],[8,null]],[],["STEREO_CUBEMAP_RENDER_ON","STEREO_INSTANCING_ON","STEREO_MULTIVIEW_ON","UNITY_SINGLE_PASS_STEREO"],[],[],[],0]],[],[["_MainTex",4,0,0,0,0,"",0],["_Color",0,1,1,1,1,"",0]],null,null,0,0,0]},{"id":8,"assetBundleId":-2,"data":[[],"Hidden/Internal-ScreenSpaceShadows",null,["SHADOWS_SINGLE_CASCADE","SHADOWS_SPLIT_SPHERES","STEREO_CUBEMAP_RENDER_ON","STEREO_INSTANCING_ON","STEREO_MULTIVIEW_ON","UNITY_SINGLE_PASS_STEREO"],[[0,0,"",0,"",0,[8,null],[0,null],[0,null],[[1,null],[0,null],[0,null]],[[1,null],[0,null],[0,null]],[15,null],[0,null],[0,null],[0,null],[255,null],[255,null],[[0,null],[0,null],[0,null],[8,null]],[[0,null],[0,null],[0,null],[8,null]],[[0,null],[0,null],[0,null],[8,null]],[["ShadowmapFilter","HardShadow"]],["SHADOWS_SINGLE_CASCADE","SHADOWS_SPLIT_SPHERES","STEREO_CUBEMAP_RENDER_ON","STEREO_INSTANCING_ON","STEREO_MULTIVIEW_ON","UNITY_SINGLE_PASS_STEREO"],[],[],[],1],[0,0,"",0,"",0,[8,null],[0,null],[0,null],[[1,null],[0,null],[0,null]],[[1,null],[0,null],[0,null]],[15,null],[0,null],[0,null],[0,null],[255,null],[255,null],[[0,null],[0,null],[0,null],[8,null]],[[0,null],[0,null],[0,null],[8,null]],[[0,null],[0,null],[0,null],[8,null]],[["ShadowmapFilter","HardShadow"]],["SHADOWS_SINGLE_CASCADE","SHADOWS_SPLIT_SPHERES","STEREO_CUBEMAP_RENDER_ON","STEREO_INSTANCING_ON","STEREO_MULTIVIEW_ON","UNITY_SINGLE_PASS_STEREO"],[],[],[],1],[0,2,"",0,"",0,[8,null],[0,null],[0,null],[[1,null],[0,null],[0,null]],[[1,null],[0,null],[0,null]],[15,null],[0,null],[0,null],[0,null],[255,null],[255,null],[[0,null],[0,null],[0,null],[8,null]],[[0,null],[0,null],[0,null],[8,null]],[[0,null],[0,null],[0,null],[8,null]],[["ShadowmapFilter","PCF_SOFT"]],["SHADOWS_SINGLE_CASCADE","SHADOWS_SPLIT_SPHERES","STEREO_CUBEMAP_RENDER_ON","STEREO_INSTANCING_ON","STEREO_MULTIVIEW_ON","UNITY_SINGLE_PASS_STEREO"],[],[],[],1],[0,2,"",0,"",0,[8,null],[0,null],[0,null],[[1,null],[0,null],[0,null]],[[1,null],[0,null],[0,null]],[15,null],[0,null],[0,null],[0,null],[255,null],[255,null],[[0,null],[0,null],[0,null],[8,null]],[[0,null],[0,null],[0,null],[8,null]],[[0,null],[0,null],[0,null],[8,null]],[["ShadowmapFilter","PCF_SOFT"]],["SHADOWS_SINGLE_CASCADE","SHADOWS_SPLIT_SPHERES","STEREO_CUBEMAP_RENDER_ON","STEREO_INSTANCING_ON","STEREO_MULTIVIEW_ON","UNITY_SINGLE_PASS_STEREO"],[],[],[],1]],[],[["_ShadowMapTexture",4,0,0,0,0,"",0],["_ODSWorldTexture",4,0,0,0,0,"",0]],null,null,1,0,0]}],"sprites":[{"id":842,"path":"Resources/unity_builtin_extra\\UISprite","assetBundleId":-2,"data":["UISprite",1,840,[0,0,0,0.08,0.08,0],[0.05,0.08,0,0.8125,1,0.08,-0.08,0,1,0,0.08,0.075,0,1,0.96875,-0.07,0.08,0,0.0625,1,-0.075,-0.08,0,0.03124997,0,-0.08,0.07,0,0,0.9375,-0.08,-0.05,0,0,0.1875],[6,5,4,3,4,5,1,4,3,0,1,3,2,1,0],-0.000835968181490898,-0.00160364620387554,0.999164044857025,0.998396337032318,0,0,1,1,0.3125,0.3125,0.3125,0.3125,[0,0,0,0],[-0.08,-0.08,0.08,0.08],200,32,32,32,32,16,16,0.0267509818077087,0.0513166785240173]},{"id":862,"path":"Resources/unity_builtin_extra\\UIMask","assetBundleId":-2,"data":["UIMask",1,860,[0,0,0,0.07,0.07,0],[0.055,0.07,0,0.84375,0.9375,0.07,-0.06,0,0.9375,0.125,0.07,0.055,0,0.9375,0.84375,0.055,-0.07,0,0.84375,0.0625,-0.065,-0.07,0,0.09375,0.0625,-0.07,0.07,0,0.0625,0.9375,-0.07,-0.06,0,0.0625,0.125],[6,5,4,0,4,5,3,4,0,1,3,0,2,1,0],-0.000835970044136047,-0.000835970044136047,0.999164044857025,0.999164044857025,0.0625,0.0625,0.9375,0.9375,0.3125,0.3125,0.3125,0.3125,[0,0,0,0],[-0.08,-0.08,0.08,0.08],200,32,32,32,32,16,16,2.02675104141235,2.02675104141235]},{"id":846,"path":"Resources/unity_builtin_extra\\Background","assetBundleId":-2,"data":["Background",1,844,[0,0,0,0.08,0.08,0],[0.05,0.08,0,0.8125,1,0.08,-0.08,0,1,0,0.08,0.075,0,1,0.96875,-0.07,0.08,0,0.0625,1,-0.075,-0.08,0,0.03124997,0,-0.08,0.07,0,0,0.9375,-0.08,-0.05,0,0,0.1875],[6,5,4,3,4,5,1,4,3,0,1,3,2,1,0],-0.000835968181490898,-0.00160364620387554,0.999164044857025,0.998396337032318,0,0,1,1,0.3125,0.3125,0.3125,0.3125,[0,0,0,0],[-0.08,-0.08,0.08,0.08],200,32,32,32,32,16,16,0.0267509818077087,0.0513166785240173]}],"textures":[{"id":816,"type":0,"path":"Resources/unity_builtin_extra\\Default-Particle","assetBundleId":-2,"data":["Default-Particle",64,64,7,1,1,0,4,0,0,1,8,0,0,0,0]},{"id":830,"type":0,"path":"Resources/unity_builtin_extra\\Default-ParticleSystem","assetBundleId":-2,"data":["Default-ParticleSystem",64,64,7,1,1,0,4,1,0,1,8,0,0,1,1]},{"id":840,"type":0,"path":"Resources/unity_builtin_extra\\UISprite","assetBundleId":-2,"data":["UISprite",32,32,6,16,1,0,4,1,1,1,8,0,0,1,1]},{"id":844,"type":0,"path":"Resources/unity_builtin_extra\\Background","assetBundleId":-2,"data":["Background",32,32,6,16,1,0,4,1,1,1,8,0,0,1,1]},{"id":860,"type":0,"path":"Resources/unity_builtin_extra\\UIMask","assetBundleId":-2,"data":["UIMask",32,32,6,16,1,0,4,1,1,1,8,0,0,1,1]}],"cubemaps":[{"id":35658,"type":2,"path":"Assets/Game_Play/Scenes/GamePlay.unity/PrefilteredEnvironment.exr","assetBundleId":-2,"data":["",-13148,8,0,128,0,2,[0,0,0.25,0.5,0,0.5,0.25,1,0.25,0,0.5,0.5,0.25,0.5,0.5,1,0.5,0,0.75,0.5,0.75,0,1,0.5,0.5,0.5,0.625,0.75,0.5,0.75,0.625,1,0.625,0.5,0.75,0.75,0.625,0.75,0.75,1,0.75,0.5,0.875,0.75,0.875,0.5,1,0.75,0.75,0.75,0.8125,0.875,0.75,0.875,0.8125,1,0.8125,0.75,0.875,0.875,0.8125,0.875,0.875,1,0.875,0.75,0.9375,0.875,0.9375,0.75,1,0.875,0.875,0.875,0.90625,0.9375,0.875,0.9375,0.90625,1,0.90625,0.875,0.9375,0.9375,0.90625,0.9375,0.9375,1,0.9375,0.875,0.96875,0.9375,0.96875,0.875,1,0.9375,0.9375,0.9375,0.953125,0.96875,0.9375,0.96875,0.953125,1,0.953125,0.9375,0.96875,0.96875,0.953125,0.96875,0.96875,1,0.96875,0.9375,0.984375,0.96875,0.984375,0.9375,1,0.96875,0.96875,0.96875,0.9765625,0.984375,0.96875,0.984375,0.9765625,1,0.9765625,0.96875,0.984375,0.984375,0.9765625,0.984375,0.984375,1,0.984375,0.96875,0.9921875,0.984375,0.9921875,0.96875,1,0.984375,0.984375,0.984375,0.98828125,0.9921875,0.984375,0.9921875,0.98828125,1,0.98828125,0.984375,0.9921875,0.9921875,0.98828125,0.9921875,0.9921875,1,0.9921875,0.984375,0.99609375,0.9921875,0.99609375,0.984375,1,0.9921875,0.9921875,0.9921875,0.994140625,0.99609375,0.9921875,0.99609375,0.994140625,1,0.994140625,0.9921875,0.99609375,0.99609375,0.994140625,0.99609375,0.99609375,1,0.99609375,0.9921875,0.998046875,0.99609375,0.998046875,0.9921875,1,0.99609375],1,1]}],"resources":[{"id":0,"assetBundleId":-2,"data":[[["unity_builtin_extra",1,860],["unity_builtin_extra",15,862],["allin1spriteshader",0,420],["unity_builtin_extra",1,840],["unity_builtin_extra",15,842],["unity_builtin_extra",1,844],["unity_builtin_extra",15,846],["unity_builtin_extra",0,28],["unity_builtin_extra",7,556],["unity_builtin_extra",0,174],["unity_builtin_extra",1,830],["unity_builtin_extra",7,832],["unity_builtin_extra",0,290],["unity_builtin_extra",0,166],["unity_builtin_extra",1,816],["unity_builtin_extra",7,818],["unity_builtin_extra",0,292],["unity_builtin_extra",0,296],["unity_builtin_extra",0,150],["unity_builtin_extra",7,824],["unity_builtin_extra",0,30],["dotweensettings",194,35080],["sprite assets/emojione",7,35086],["sprite assets/emojione",49,35070],["style sheets/default style sheet",196,35074],["linebreaking leading characters",182,35076],["linebreaking following characters",182,35078],["tmp settings",195,35072],["unity_builtin_extra",0,8],["allin1oneshaderfunctions",197,35082],["allin1spriteshaderscaledtime",0,414],["allin1spriteshaderuimask",0,434],["smoke",17,35066]],[28416,27264,29648,27264,29650,27264,28422,27264,28420,27264,26670,26668,34304,26668,34318,26668,34320,26668,34322,26668,34306,26668,26874,26668,26868,26668,26876,26668,34314,26668,34332,26668,34362,26668,34308,26668,34302,26668,34352,26668,26878,26668,34346,26668,34326,26668,26672,26668,35870,36230,34338,26668,34340,26668,-7272,36230,34394,26668,34396,26668,34390,26668,34368,26668,26866,26668,-7280,36230,-7288,36230,-7296,36230,34344,26668,-7304,36230,34386,26668,34388,26668,34376,26668,34378,26668,34392,26668,34364,26668,34366,26668,-7312,36230,-7320,36230,-7328,36230,-7336,36230,34342,26668,26870,26668,-7348,36230,34400,26668,34402,26668,-7356,36230,-7344,36230,34370,26668,34372,26668,26802,26800,26796,26800,-8592,36230,32170,26800,26858,26800,26798,26800,-8596,36230,-9526,36230,-9530,36230,-7264,36230,34324,26668,-7292,36230,-7332,36230,-7276,36230,34328,26668,-7258,36230,35872,36230,36354,36230,-8488,36230,-8496,36230,-8504,36230,-8512,36230,-8520,36230,-8528,36230,-8536,36230,-8544,36230,-8552,36230,-8564,36230,-8572,36230,-8560,36230,-8480,36230,-8508,36230,-8548,36230,-8492,36230,-8474,36230,36356,36230,36566,36230,-9220,36230,-9228,36230,-9236,36230,-9244,36230,-9252,36230,-9260,36230,-9268,36230,-9276,36230,-9284,36230,-9296,36230,-9304,36230,-9292,36230,-9212,36230,-9240,36230,-9280,36230,-9224,36230,-9206,36230,36568,36230,36408,36230,-8622,36230,-8630,36230,-8638,36230,-8646,36230,-8654,36230,-8662,36230,-8670,36230,-8678,36230,-8686,36230,-8698,36230,-8706,36230,-8694,36230,-8614,36230,-8642,36230,-8682,36230,-8626,36230,-8608,36230,36410,36230,36210,36230,-8164,36230,-8172,36230,-8180,36230,-8188,36230,-8196,36230,-8204,36230,-8212,36230,-8220,36230,-8228,36230,-8240,36230,-8248,36230,-8236,36230,-8156,36230,-8184,36230,-8224,36230,-8168,36230,-8150,36230,36212,36230,36348,36230,-8380,36230,-8388,36230,-8396,36230,-8404,36230,-8412,36230,-8420,36230,-8428,36230,-8436,36230,-8444,36230,-8456,36230,-8464,36230,-8452,36230,-8372,36230,-8400,36230,-8440,36230,-8384,36230,-8366,36230,36350,36230,36634,36230,-9436,36230,-9444,36230,-9452,36230,-9460,36230,-9468,36230,-9476,36230,-9484,36230,-9492,36230,-9500,36230,-9512,36230,-9520,36230,-9508,36230,-8134,36230,-8138,36230,-8578,36230,-8582,36230,-9428,36230,-9456,36230,-9496,36230,-9440,36230,-9422,36230,36636,36230,36480,36230,-8794,36230,-8802,36230,-8810,36230,-8818,36230,-8826,36230,-8834,36230,-8842,36230,-8850,36230,-8858,36230,-8870,36230,-8878,36230,-8866,36230,-8786,36230,-8814,36230,-8854,36230,-8798,36230,-8780,36230,36482,36230,36702,36230,-9556,36230,-9564,36230,-9572,36230,-9580,36230,-9588,36230,-9596,36230,-9604,36230,-9612,36230,-9620,36230,-9632,36230,-9640,36230,-9628,36230,-9548,36230,-9576,36230,-9616,36230,-9560,36230,-9542,36230,36704,36230,36620,36230,-9328,36230,-9336,36230,-9344,36230,-9352,36230,-9360,36230,-9368,36230,-9376,36230,-9384,36230,-9392,36230,-9404,36230,-9412,36230,-9400,36230,-9320,36230,-9348,36230,-9388,36230,-9332,36230,-9314,36230,36622,36230,36836,36230,-9732,36230,-9740,36230,-9748,36230,-9756,36230,-9764,36230,-9772,36230,-9780,36230,-9788,36230,-9796,36230,-9808,36230,-9816,36230,-9804,36230,-9724,36230,-9752,36230,-9792,36230,-9736,36230,-9718,36230,36838,36230,36260,36230,-8272,36230,-8280,36230,-8288,36230,-8296,36230,-8304,36230,-8312,36230,-8320,36230,-8328,36230,-8336,36230,-8348,36230,-8356,36230,-8344,36230,-8264,36230,-8292,36230,-8332,36230,-8276,36230,-8258,36230,36258,36230,26808,26812,27056,26812,26816,27080,34918,27080,34920,27080,34922,27080,34924,27080,34926,27080,34928,27080,34938,27080,27078,27080,34950,27080,34944,27080,34946,27080,34942,27080,34948,27080,36120,36230,-10792,36230,-10798,36230,-10804,36230,-10810,36230,-10816,36230,-10822,36230,27082,27080,-10788,36230,-10794,36230,-10800,36230,-10812,36230,-10818,36230,-10824,36230,-10806,36230,36102,36230,28080,27024,28288,27024,28292,27024,28088,27024,27066,26820,27068,26820,29442,26820,28172,26820,28174,26820,28176,26820,28178,26820,28182,26820,37290,36076,30774,26820,30776,26820,30768,26820,-10568,36076,30778,26820,-10576,36076,30770,26820,30772,26820,29434,26820,29436,26820,-10552,36076,-10560,36076,-10584,36076,27580,26820,27582,26820,-10580,36076,-10564,36076,27584,26820,26966,26818,26970,26818,29430,26818,28152,26818,28154,26818,28156,26818,28158,26818,28160,26818,28168,26818,28170,26818,27576,26818,27574,26818,36766,36076,30758,26818,30760,26818,30756,26818,30752,26818,-9682,36076,32172,26818,32174,26818,-9690,36076,29418,26818,29420,26818,29412,26818,29414,26818,29416,26818,29422,26818,29424,26818,-9658,36076,-9666,36076,-9674,36076,-9698,36076,-9708,36076,27572,26818,-9678,36076,-9670,36076,27578,26818,-9652,36076,-9650,36076,27048,26888,28214,26888,29450,26888,29456,26888,27040,26888,28206,26888,30810,26888,27606,26888,28216,26888,29496,26888,30798,30794,32180,30794,30790,30794,27046,26888,33294,30794,30822,26888,28218,26888,32182,30794,29462,30794,29468,26888,27044,26888,30802,26888,29488,26888,27042,26888,30800,26888,29482,26888,28210,26888,28212,26888,28220,26888,28222,26888,28184,26888,28186,26888,28188,26888,28190,26888,28192,26888,28194,26888,28198,26888,28200,26888,37242,36076,30828,26888,30782,26888,30784,26888,-10086,36076,29452,26888,29454,26888,29458,26888,29460,26888,32186,26888,27038,26888,-10098,36076,-10106,36076,-10114,36076,-10122,36076,30808,26888,30812,26888,-10090,36076,-10062,36076,-10126,36076,30788,26888,-10130,36076,-10144,36076,32190,26888,-10152,36076,-10138,36076,30824,26888,-10156,36076,-10160,36076,32188,26888,-10168,36076,30804,26888,-10172,36076,-10176,36076,32178,26888,-10184,36076,30796,26888,-10188,36076,30820,26888,30826,26888,30814,26888,-10070,36076,-10078,36076,-10192,36076,-10200,36076,-10148,36076,-10164,36076,-10180,36076,-10094,36076,-10196,36076,-10074,36076,-10134,36076,-10204,36076,27608,26888,27610,26888,34424,26720,34454,26720,26722,26720,26718,26720,34508,26720,34428,26720,34566,26720,34444,26720,34488,26720,34588,26720,34446,26720,34494,26720,34594,26720,26738,26720,26746,26720,26732,26720,26714,26720,26744,26720,34562,26720,34430,26720,26716,26720,26748,26720,26726,26720,26734,26720,26724,26720,34500,26720,26706,26720,26752,26720,26712,26720,26736,26720,34478,26720,34480,26720,26728,26720,34482,26720,26742,26720,34564,26720,26750,26720,26730,26720,34466,26720,26756,26720,34432,26720,34440,26720,34434,26720,26740,26720,26710,26720,26704,26720,34426,26720,34512,26720,34516,26720,34538,26720,34540,26720,34544,26720,26708,26720,34546,26720,34548,26720,34550,26720,34552,26720,-10232,36076,34628,26720,34630,26720,-10240,36076,36548,36076,34510,26720,34514,26720,-10262,36076,34686,26720,-10270,36076,-10256,36076,34592,26720,-10274,36076,-10278,36076,34674,26720,-10286,36076,34568,26720,-10290,36076,-10294,36076,34680,26720,-10302,36076,34584,26720,-10306,36076,34502,26720,-10322,36076,34620,26720,34622,26720,34646,26720,34648,26720,34636,26720,34638,26720,34682,26720,34700,26720,34702,26720,-10326,36076,-10334,36076,-10342,36076,-10350,36076,-10358,36076,-10310,36076,-10366,36076,34614,26720,34616,26720,34640,26720,34642,26720,34624,26720,34626,26720,34694,26720,34696,26720,34698,26720,-10370,36076,-10378,36076,-10386,36076,-10394,36076,-10402,36076,-10410,36076,34602,26720,34604,26720,34632,26720,34634,26720,34596,26720,34598,26720,34664,26720,34688,26720,34690,26720,34684,26720,34666,26720,34668,26720,-10414,36076,-10422,36076,-10430,36076,-10438,36076,-10446,36076,-10454,36076,-10462,36076,-10470,36076,34676,26720,34678,26720,34670,26720,34672,26720,34704,26720,34706,26720,-10476,36076,-10484,36076,-10492,36076,34464,26720,34468,26720,-10314,36076,37276,36076,34470,26720,-10500,36076,34654,26720,34656,26720,34658,26720,-10504,36076,-10514,36076,34576,26720,34578,26720,34606,26720,34608,26720,34572,26720,34574,26720,-10520,36076,-10528,36076,-10536,36076,34472,26720,-10248,36076,34448,26720,34450,26720,-10236,36076,-10252,36076,-10442,36076,-10458,36076,-10354,36076,-10398,36076,-10472,36076,-10266,36076,-10282,36076,-10298,36076,-7384,36076,-7392,36076,35912,36076,-7414,36076,-7422,36076,-7408,36076,-7426,36076,-7430,36076,-7438,36076,-7442,36076,-7446,36076,-7454,36076,-7458,36076,-7474,36076,-7478,36076,-7486,36076,-7494,36076,-7502,36076,-7510,36076,-7462,36076,-7518,36076,-7522,36076,-7530,36076,-7538,36076,-7546,36076,-7554,36076,-7562,36076,-7566,36076,-7574,36076,-7582,36076,-7590,36076,-7598,36076,-7606,36076,-7614,36076,-7622,36076,-7628,36076,-7636,36076,-7644,36076,-7466,36076,35914,36076,-7652,36076,-7656,36076,-7666,36076,-7672,36076,-7680,36076,-7688,36076,-7400,36076,-7388,36076,-7404,36076,-7594,36076,-7610,36076,-7506,36076,-7550,36076,-7624,36076,-7418,36076,-7434,36076,-7450,36076,-8892,36076,-8900,36076,36508,36076,-8922,36076,-8930,36076,-8916,36076,-8934,36076,-8938,36076,-8946,36076,-8950,36076,-8954,36076,-8962,36076,-8966,36076,-8982,36076,-8986,36076,-8994,36076,-9002,36076,-9010,36076,-9018,36076,-8970,36076,-9026,36076,-9030,36076,-9038,36076,-9046,36076,-9054,36076,-9062,36076,-9070,36076,-9074,36076,-9082,36076,-9090,36076,-9098,36076,-9106,36076,-9114,36076,-9122,36076,-9130,36076,-9136,36076,-9144,36076,-9152,36076,-8974,36076,36510,36076,-9160,36076,-9164,36076,-9174,36076,-9180,36076,-9188,36076,-9196,36076,-8908,36076,-8896,36076,-8912,36076,-9102,36076,-9118,36076,-9014,36076,-9058,36076,-9132,36076,-8926,36076,-8942,36076,-8958,36076,26782,26780,26784,26780,34828,26780,34722,26780,34866,26780,26776,26780,34814,26780,34884,26780,26774,26780,34808,26780,34876,26780,26770,26780,34758,26780,34760,26780,26772,26780,34762,26780,34724,26780,26778,26780,26768,26780,34816,26780,26788,26780,34818,26780,34798,26780,26792,26780,34726,26780,34754,26780,34730,26780,34736,26780,34718,26780,34720,26780,34728,26780,34766,26780,34768,26780,34780,26780,34782,26780,34784,26780,34786,26780,34788,26780,34790,26780,37272,36076,34820,26780,34822,26780,-10620,36076,34904,26780,-10628,36076,-10614,36076,34880,26780,-10632,36076,-10636,36076,34902,26780,-10644,36076,34864,26780,-10648,36076,-10652,36076,34900,26780,-10660,36076,34858,26780,-10664,36076,34830,26780,-10680,36076,34838,26780,34840,26780,34834,26780,34836,26780,34898,26780,34894,26780,34896,26780,-10684,36076,-10692,36076,-10700,36076,-10708,36076,-10668,36076,-10716,36076,34844,26780,34846,26780,34854,26780,34856,26780,34892,26780,34888,26780,34890,26780,-10720,36076,-10728,36076,-10736,36076,-10744,36076,34796,26780,34800,26780,-10672,36076,37302,36076,34802,26780,-10752,36076,34850,26780,-10756,36076,34792,26780,34794,26780,-10772,36076,34868,26780,34870,26780,34872,26780,-10776,36076,-10598,36076,-10606,36076,-10764,36076,34744,26780,34746,26780,-10602,36076,-10610,36076,-10704,36076,-10740,36076,-10624,36076,-10640,36076,-10656,36076,-10760,36076,36044,36076,-7918,36076,-7926,36076,-7912,36076,-7930,36076,-7934,36076,-7942,36076,-7946,36076,-7950,36076,-7958,36076,-7962,36076,-7978,36076,-7982,36076,-7990,36076,-7998,36076,-8006,36076,-7966,36076,-8014,36076,-8018,36076,-8026,36076,-8034,36076,-8042,36076,-7970,36076,36046,36076,-8050,36076,-8054,36076,-8070,36076,-8074,36076,-7896,36076,-7904,36076,-8062,36076,-7900,36076,-7908,36076,-8002,36076,-8038,36076,-7922,36076,-7938,36076,-7954,36076,-8058,36076,36030,36076,-7724,36076,-7732,36076,-7718,36076,-7736,36076,-7740,36076,-7748,36076,-7752,36076,-7756,36076,-7764,36076,-7768,36076,-7784,36076,-7788,36076,-7796,36076,-7804,36076,-7812,36076,-7772,36076,-7820,36076,-7824,36076,-7832,36076,-7840,36076,-7848,36076,-7776,36076,36032,36076,-7856,36076,-7860,36076,-7876,36076,-7880,36076,-7702,36076,-7710,36076,-7868,36076,-7706,36076,-7714,36076,-7808,36076,-7844,36076,-7728,36076,-7744,36076,-7760,36076,-7864,36076,36966,36076,-9852,36076,-9860,36076,-9846,36076,-9864,36076,-9868,36076,-9876,36076,-9880,36076,-9884,36076,-9892,36076,-9896,36076,-9912,36076,-9916,36076,-9924,36076,-9932,36076,-9940,36076,-9900,36076,-9948,36076,-9952,36076,-9960,36076,-9968,36076,-9976,36076,-9904,36076,36968,36076,-9984,36076,-9988,36076,-10004,36076,-10008,36076,-9830,36076,-9838,36076,-9996,36076,-9834,36076,-9842,36076,-9936,36076,-9972,36076,-9856,36076,-9872,36076,-9888,36076,-9992,36076,26852,26846,34994,26846,26850,26846,26840,26846,35000,26846,26848,26846,37342,36076,35008,26846,35010,26846,35012,26846,35014,26846,35006,26846,26842,26846,-10836,36076,-10844,36076,-10852,36076,34998,26846,35002,26846,-10830,36076,37344,36076,36414,36076,-8722,36076,-8730,36076,-8738,36076,-8716,36076,36416,36076,36474,36076,-8754,36076,-8762,36076,-8770,36076,-8748,36076,36476,36076,37142,36076,-10038,36076,-10046,36076,-10054,36076,-10032,36076,37144,36076,36156,36076,-8110,36076,-8118,36076,-8126,36076,-8104,36076,36158,36076,37082,36076,-10020,36076,36058,36076,-8086,36076,34422,34418,34412,34418,26686,26696,34420,34418,26692,26696,34410,26696,26688,26696,35888,36760,-7372,36760,-7370,36760,26684,26696,-7374,36760,26694,26696,34416,26696,35886,36760,28448,27672,28446,27672,28454,27674,29676,27674,30898,27674,29672,27674,29674,27674,29666,27674,29678,27674,28336,27676,28096,27676,28296,27676,28298,27676,28300,27676,28302,27676,28304,27676,28306,27676,28308,27676,28310,27676,28312,27676,28314,27676,28316,27676,28318,27676,28320,27676,28322,27676,28324,27676,28326,27676,28328,27676,28330,27676,28332,27676,28334,27676,29626,27676,28094,27676,28462,27678,29686,27678,30924,27678,30926,27678,30928,27678,30930,27678,30932,27678,30934,27678,30936,27678,30938,27678,30940,27678,30942,27678,30944,27678,30946,27678,30948,27678,30950,27678,30952,27678,30954,27678,30956,27678,30958,27678,30960,27678,30962,27678,29684,27678,29688,27678,29692,27682,30970,27682,30976,27682,28474,27682,29694,27682,29696,27682,28480,27684,30982,27684,32312,27684,29708,27684,29706,27684,29704,27684,29702,27684,29740,27686,31048,27686,31050,27686,31052,27686,28488,27686,28822,27776,32364,31038,28824,27776,33308,31038,33316,31038,31026,27686,34124,31038,34118,31038,32366,27686,32368,27686,29742,27686,32342,31038,32316,32348,33340,32348,33348,32348,33330,32348,33322,32348,33326,32348,33312,32348,31028,27686,34112,32348,34126,32348,34136,32348,34110,32348,34122,32348,34116,32348,34130,32348,34114,32348,34134,32348,34128,32348,34138,32348,34132,32348,32318,27686,32320,27686,32322,27686,32324,27686,32326,27686,32328,27686,31032,32348,33338,32348,30986,32336,32352,32336,32354,32336,32358,32336,29716,27686,30998,32336,31016,27686,33824,32336,31022,27686,31024,27686,29722,27686,31002,27686,30992,27686,30994,27686,29744,27686,31006,32330,33346,32330,33320,32330,29746,27686,29734,27686,29748,27686,29720,27686,29750,27686,29714,27686,29724,27686,29726,27686,29728,27686,29730,27686,29732,27686,28496,27688,29810,27688,31128,27688,31148,27688,31150,27688,31088,32424,32400,32424,33376,32424,32404,32424,33420,32424,32414,32424,33370,32424,32440,32424,32442,32424,32386,32424,29816,27688,33380,32424,31096,27688,34142,32424,32402,27688,33894,32424,31100,27688,34170,32424,32408,27688,33406,32424,31104,27688,34144,32424,32416,27688,31094,27688,31098,27688,31102,27688,31116,32424,33388,32424,29766,27688,31068,27688,32396,27688,32398,27688,31060,27688,32382,27688,33352,27688,33354,27688,33356,27688,33358,27688,33360,27688,33362,27688,31110,27688,32428,27688,32430,27688,29764,27688,29778,27688,29772,27688,29776,27688,29774,27688,29818,27688,29820,27688,31154,27688,29822,27688,28498,27688,31160,27688,31162,27688,31164,27688,31166,27688,29824,27688,29788,27688,31140,27688,31142,27688,31144,27688,29814,27688,29804,27688,29806,27688,29790,27688,29802,27688,29780,27688,29808,27688,29782,27688,29800,27688,29756,27688,29768,27688,29770,27688,29792,27688,29794,27688,29796,27688,29798,27688,29812,27688,28506,27690,29826,27690,29828,27690,28510,27692,29830,27692,29832,27692,28514,27694,29834,27694,29836,27694,28518,27696,29838,27696,29840,27696,28522,27698,29842,27698,29844,27698,28526,27700,29846,27700,29848,27700,28530,27702,29850,27702,29852,27702,28534,27704,29854,27704,29856,27704,28538,27706,29858,27706,29860,27706,28542,27708,29862,27708,29864,27708,28546,27710,29866,27710,29868,27710,28550,27712,29870,27712,29872,27712,28554,27714,31244,32526,33448,32526,33442,32526,29874,27714,29876,27714,29878,27714,28564,27718,31260,27718,32538,27718,29892,27718,29890,27718,29888,27718,29886,27718,31294,32560,33910,32560,32550,32560,29894,27720,33914,32560,33474,27720,31300,27720,28572,27720,33478,32560,31350,27720,29926,27720,31310,27720,31312,27720,31314,27720,31316,27720,31318,27720,31320,27720,31322,27720,31324,27720,31326,27720,31328,27720,31330,27720,31332,27720,31334,27720,31336,27720,31338,27720,31340,27720,31342,27720,31344,27720,31346,27720,31348,27720,29934,27720,29896,27720,31360,27720,32590,27720,32592,27720,29898,27720,31368,27720,32576,27720,32578,27720,32580,27720,32582,27720,32584,27720,32586,27720,29908,27720,31292,27720,31304,27720,31306,27720,29928,27720,31286,27720,31278,27720,31280,27720,29912,27720,29900,27720,29902,27720,29904,27720,29906,27720,29910,27720,29918,27720,29920,27720,29922,27720,29924,27720,29930,27720,29932,27720,29936,27722,31376,27722,29954,27722,28582,27722,29938,27722,33500,27722,31402,27722,31370,27722,32616,27722,32618,27722,29940,27722,31372,27722,32626,27722,32628,27722,32630,27722,32632,27722,32634,27722,32636,27722,29942,27722,31384,27722,31394,27722,31396,27722,29948,27722,29950,27722,29952,27722,29956,27722,29958,27724,31406,27724,28590,27724,32646,33506,29962,27724,33968,33506,33964,33506,31410,27724,31412,27724,31414,27724,31416,27724,29960,27724,28598,27726,29980,27726,31434,27726,29212,28016,30394,28016,30396,28016,30398,28016,29982,27726,33042,28016,33044,28016,33038,28016,33040,28016,33046,28016,33048,28016,31444,27726,31446,27726,31448,27726,29214,28016,29216,28016,29984,27726,31426,27726,31428,27726,31430,27726,29978,27726,29986,27726,29972,27726,29974,27726,29976,27726,28606,27728,29994,27728,31456,27728,29988,27728,29990,27728,29992,27728,29998,27728,30000,27728,30002,27728,30006,27730,31466,27730,28614,27730,30008,27730,30012,27732,31470,27732,28622,27732,30014,27732,28630,27734,30018,27734,30020,27734,28638,27736,30024,27736,30026,27736,28646,27738,30028,27738,30030,27738,28654,27740,30034,27740,30036,27740,28662,27742,30040,27742,30042,27742,30048,27744,31484,27744,28670,27744,30050,27744,28678,27746,30054,27746,31488,27746,31492,27746,31494,27746,30052,27746,30056,27746,30060,27746,28686,27748,30066,27748,31502,27748,31506,27748,31508,27748,30068,27748,30070,27748,30064,27748,28694,27750,30074,27750,31520,27750,31512,27750,31514,27750,30072,27750,30076,27750,30080,27750,28702,27752,30084,27752,31530,27752,31524,27752,31526,27752,30082,27752,30086,27752,30090,27752,30102,27754,30104,27754,30092,27754,28710,27754,30096,27754,31538,27754,31544,27754,31546,27754,30094,27754,30098,27754,30106,27754,30142,27756,33622,27756,31586,27756,28718,27756,31590,27756,30130,27756,31600,27756,31602,27756,31604,27756,31606,27756,31608,27756,31610,27756,31612,27756,31614,27756,31616,27756,31618,27756,31620,27756,31622,27756,31624,27756,31626,27756,31628,27756,31630,27756,31632,27756,31634,27756,31636,27756,31638,27756,30140,27756,30144,27756,31646,27756,32790,27756,32792,27756,30146,27756,31654,27756,32776,27756,32778,27756,32780,27756,32782,27756,32784,27756,32786,27756,30126,27756,31580,27756,31594,27756,31596,27756,30132,27756,31574,27756,31566,27756,31568,27756,30148,27756,30118,27756,30124,27756,30120,27756,30122,27756,30136,27756,30112,27756,30114,27756,30116,27756,30128,27756,30134,27756,30138,27756,30188,27758,33656,27758,31702,27758,28728,27758,30172,27758,31714,27758,31716,27758,31718,27758,31720,27758,31722,27758,31724,27758,31726,27758,31728,27758,31730,27758,31732,27758,31734,27758,31736,27758,31738,27758,31740,27758,31742,27758,31744,27758,31746,27758,31748,27758,31750,27758,31752,27758,31754,27758,30190,27758,32868,31666,34172,31666,33660,31666,33640,31666,33628,31666,31670,27758,34182,31666,34178,31666,34186,31666,34174,31666,34028,27758,34184,31666,32870,27758,32872,27758,32874,27758,32890,31666,32834,31666,31768,27758,31760,27758,32858,27758,32860,27758,30192,27758,31770,27758,32844,27758,32846,27758,32848,27758,32850,27758,32852,27758,32854,27758,30168,27758,31696,27758,31708,27758,31710,27758,30174,27758,31690,27758,31680,27758,31682,27758,30194,27758,30160,27758,30166,27758,30162,27758,30164,27758,30178,27758,30154,27758,30156,27758,30158,27758,30170,27758,30176,27758,30182,27758,30186,27758,32914,32940,31780,32940,28738,27760,31834,32940,31836,27760,28744,27760,28740,27760,31832,27760,31864,32932,31844,32932,31806,32932,31794,32932,31860,32932,31840,32932,31822,32932,31826,32932,31810,32932,31786,32932,30208,27760,31868,27760,32908,27760,32910,27760,30230,27760,30236,27760,30238,27760,30240,27760,30244,27760,30242,27760,30234,27760,30250,27760,30246,27760,33664,32902,34068,32902,32898,32902,34210,32902,30412,28022,32060,28022,29232,28022,33736,28022,29234,28022,32900,27760,34208,32902,33668,27760,31804,27760,34196,32902,34190,27760,34194,32902,30210,27760,31774,32902,33670,32902,30220,27760,31850,27760,31852,27760,31854,27760,31856,27760,30200,27760,30198,27760,30202,27760,30204,27760,30206,27760,30212,27760,30214,27760,30216,27760,30218,27760,30222,27760,28750,27760,30196,27760,28746,27760,30226,27760,30228,27760,28742,27760,30232,27760,30248,27760,30252,27760,28754,27762,28756,27762,31880,32958,31896,32958,33688,32958,33684,32958,31870,31876,32966,31876,31906,31888,32956,31888,32964,31888,30254,27762,30256,27762,30258,27762,30260,27762,30262,27762,30264,27762,30266,27762,30274,27762,28764,27764,28766,27764,30280,27764,30286,27764,30288,27764,30290,27764,30292,27764,30284,27764,28774,27766,28776,27766,30294,27766,30296,27766,30298,27766,30300,27766,30302,27766,30310,27766,28784,27768,28786,27768,30312,27768,30314,27768,30316,27768,30318,27768,30320,27768,30328,27768,28794,27770,28796,27770,30334,27770,30340,27770,30342,27770,30344,27770,30346,27770,30348,27770,30338,27770,28804,27772,28806,27772,30350,27772,30352,27772,30354,27772,30356,27772,30358,27772,30360,27772,30368,27772,28828,27778,30378,27778,30376,27778,28834,27780,30382,27780,30380,27780,28840,27782,30386,27782,30384,27782,32030,33018,33006,33018,33010,33018,33014,33018,33720,33018,30388,27784,34082,33018,34084,33018,34092,33018,34088,33018,34094,33018,34096,33018,32036,27784,32038,27784,32040,27784,28846,27784,33714,33018,33716,33018,33718,33018,33026,27784,28848,27784,29196,28012,30390,28012,29204,28014,30392,28014,29220,28018,30404,28018,30406,28018,30402,28018,29228,28020,30408,28020,29240,28024,30414,28024,30416,28024,30418,28024,29242,28024,29276,28034,30430,28034,30432,28034,30434,28034,29284,28036,33096,28036,33092,28036,30436,28036,30438,28036,30440,28036,30442,28036,30444,28036,30446,28036,30448,28036,30450,28036,29292,28038,30452,28038,29300,28040,30454,28040,30456,28040,29308,28042,30460,28042,30462,28042,30464,28042,29316,28044,30466,28044,30468,28044,30470,28044,30472,28044,30474,28044,29324,28046,33182,28046,30476,28046,30478,28046,30480,28046,30482,28046,29332,28048,30484,28048,29346,28052,30490,28052,29354,28054,30492,28054,29368,28058,30496,28058,30498,28058,30500,28058,30502,28058,29382,28062,30506,28062,30508,28062,30510,28062,30512,28062,29390,28064,30514,28064,29394,28066,30516,28066,29402,28068,30518,28068,29406,28070,33254,28070,30520,28070,30522,28070,30524,28070,30526,28070,28274,27022,30864,27022,29568,27022,29570,27022,29572,27022,32226,27022,32228,27022,32230,27022,29594,27022,30842,27022,29566,27022,29564,27022,30832,27022,29574,27022,29576,27022,29582,27022,30876,27022,30878,27022,30838,27022,29578,27022,29580,27022,28076,27022,29562,27022,32256,27022,32252,27022,29586,27022,29588,27022,29590,27022,29592,27022,29596,27022,29598,27022,28074,27022,28286,27022,29544,27022,29546,27022,29548,27022,29550,27022,29552,27022,29554,27022,29556,27022,29558,27022,28284,27022,28276,27022,28278,27022,28280,27022,28282,27022,28266,27656,27660,27656,28226,27656,28228,27656,28230,27656,28232,27656,28234,27656,28236,27656,28238,27656,28240,27656,28242,27656,28244,27656,28246,27656,28248,27656,28250,27656,28252,27656,28254,27656,28256,27656,28258,27656,28260,27656,28262,27656,28264,27656,29518,27656,27658,27656,26988,27656,27028,27676,37262,36312,-10220,36312,-10218,36312,-10222,36312,37260,36312,40144,35066,40150,35066,40152,35066]]}],"project-settings":[{"id":-1,"assetBundleId":-2,"data":[[["UnityEngine.U2D.CinemachinePixelPerfect",-1],["UnityEngine.EventSystems.EventSystem",-1000],["UnityEngine.UI.ToggleGroup",10],["TMPro.TextMeshPro",-105],["TMPro.TextMeshProUGUI",-100],["TMPro.TextContainer",-110]],[[-184986367,"Floor",-1],[0,"Default",0],[-501203317,"Character",1],[1431334115,"Bullet",2],[-1447282765,"Effect",3],[406780517,"UI",4],[-521493689,"UI_Txt_Dame",5]],[[0,"Default"],[1,"TransparentFX"],[2,"Ignore Raycast"],[4,"Water"],[5,"UI"],[6,"Attack"],[7,"Boss"],[8,"Click"],[9,"Golem"],[10,"Character"],[11,"Pet"]],[0.0199999995529652,0.333333343267441,1,0.0299999993294477],[0,-9.8100004196167,0,6,2,0,1,[[0,0,0],[0,0,1],[0,0,2],[0,0,4],[0,0,5],[0,0,6],[0,0,7],[0,0,8],[0,0,9],[0,0,10],[0,0,11],[0,1,0],[0,1,1],[0,1,2],[0,1,4],[0,1,5],[0,1,6],[0,1,7],[0,1,8],[0,1,9],[0,1,10],[0,1,11],[0,2,0],[0,2,1],[0,2,2],[0,2,4],[0,2,5],[0,2,6],[0,2,7],[0,2,8],[0,2,9],[0,2,10],[0,2,11],[0,4,0],[0,4,1],[0,4,2],[0,4,4],[0,4,5],[0,4,6],[0,4,7],[0,4,8],[0,4,9],[0,4,10],[0,4,11],[0,5,0],[0,5,1],[0,5,2],[0,5,4],[0,5,5],[0,5,6],[0,5,7],[0,5,8],[0,5,9],[0,5,10],[0,5,11],[0,6,0],[0,6,1],[0,6,2],[0,6,4],[0,6,5],[0,6,6],[0,6,7],[0,6,8],[0,6,9],[0,6,10],[0,6,11],[0,7,0],[0,7,1],[0,7,2],[0,7,4],[0,7,5],[0,7,6],[0,7,7],[0,7,8],[0,7,9],[0,7,10],[0,7,11],[0,8,0],[0,8,1],[0,8,2],[0,8,4],[0,8,5],[0,8,6],[0,8,7],[0,8,8],[0,8,9],[0,8,10],[0,8,11],[0,9,0],[0,9,1],[0,9,2],[0,9,4],[0,9,5],[0,9,6],[0,9,7],[0,9,8],[0,9,9],[0,9,10],[0,9,11],[0,10,0],[0,10,1],[0,10,2],[0,10,4],[0,10,5],[0,10,6],[0,10,7],[0,10,8],[0,10,9],[0,10,10],[0,10,11],[0,11,0],[0,11,1],[0,11,2],[0,11,4],[0,11,5],[0,11,6],[0,11,7],[0,11,8],[0,11,9],[0,11,10],[0,11,11]]],[null,null,0,-9.8100004196167,3,8,1,0.200000002980232,8,100,360,0.200000002980232,0.75,0.5,0.00999999977648258,2,0.00999999977648258,1,1,1,1,1,0,[[0,0,0],[0,0,1],[0,0,2],[0,0,4],[0,0,5],[0,0,6],[0,0,7],[0,0,8],[0,0,9],[0,0,10],[0,0,11],[0,1,0],[0,1,1],[0,1,2],[0,1,4],[0,1,5],[0,1,6],[0,1,7],[0,1,8],[0,1,9],[0,1,10],[0,1,11],[0,2,0],[0,2,1],[0,2,2],[0,2,4],[0,2,5],[0,2,6],[0,2,7],[0,2,8],[0,2,9],[0,2,10],[0,2,11],[0,4,0],[0,4,1],[0,4,2],[0,4,4],[0,4,5],[0,4,6],[0,4,7],[0,4,8],[0,4,9],[0,4,10],[0,4,11],[0,5,0],[0,5,1],[0,5,2],[0,5,4],[0,5,5],[0,5,6],[0,5,7],[0,5,8],[0,5,9],[0,5,10],[0,5,11],[0,6,0],[0,6,1],[0,6,2],[0,6,4],[0,6,5],[0,6,6],[0,6,7],[0,6,8],[0,6,9],[0,6,10],[0,6,11],[0,7,0],[0,7,1],[0,7,2],[0,7,4],[0,7,5],[0,7,6],[0,7,7],[0,7,8],[0,7,9],[0,7,10],[0,7,11],[0,8,0],[0,8,1],[0,8,2],[0,8,4],[0,8,5],[0,8,6],[0,8,7],[0,8,8],[0,8,9],[0,8,10],[0,8,11],[0,9,0],[0,9,1],[0,9,2],[0,9,4],[0,9,5],[0,9,6],[0,9,7],[0,9,8],[0,9,9],[0,9,10],[0,9,11],[0,10,0],[0,10,1],[0,10,2],[0,10,4],[0,10,5],[0,10,6],[0,10,7],[0,10,8],[0,10,9],[0,10,10],[0,10,11],[0,11,0],[0,11,1],[0,11,2],[0,11,4],[0,11,5],[0,11,6],[0,11,7],[0,11,8],[0,11,9],[0,11,10],[0,11,11]]],[[[[],["Very Low","Low","Medium","High","Very High","Ultra"],0,0,0,0.300000011920929,1,15,0,1,0,0,0,0,0,1,2,4,0,0,0.333333343267441,0.0666666701436043,0.200000002980232,0.466666668653488,0,0,16,2,0,3,512,0,1,2,512,1,1024,0],[[],["Very Low","Low","Medium","High","Very High","Ultra"],0,0,0,0.400000005960464,1,20,0,1,0,0,0,0,0,0,2,16,0,0,0.333333343267441,0.0666666701436043,0.200000002980232,0.466666668653488,0,0,16,2,0,3,512,0,1,2,512,1,1024,1],[[],["Very Low","Low","Medium","High","Very High","Ultra"],1,1,0,0.699999988079071,1,20,0,1,0,0,0,0,0,0,2,64,1,0,0.333333343267441,0.0666666701436043,0.200000002980232,0.466666668653488,0,1,16,2,0,3,512,0,1,2,512,1,1024,2],[[],["Very Low","Low","Medium","High","Very High","Ultra"],2,1,0,1,2,40,1,1,1,0,1,0,0,0,2,256,2,1,0.333333343267441,0.0666666701436043,0.200000002980232,0.466666668653488,0,1,16,2,1,3,512,0,1,2,512,1,1024,3],[[],["Very Low","Low","Medium","High","Very High","Ultra"],2,2,2,1.5,2,70,1,1,2,1,1,0,0,0,2,1024,3,1,0.333333343267441,0.0666666701436043,0.200000002980232,0.466666668653488,0,1,16,2,1,3,512,0,1,2,512,1,1024,4],[[],["Very Low","Low","Medium","High","Very High","Ultra"],2,2,2,2,4,150,1,1,2,1,1,0,0,0,2,4096,4,1,0.333333343267441,0.0666666701436043,0.200000002980232,0.466666668653488,0,1,16,2,1,3,512,0,1,2,512,1,1024,5]],["Very Low","Low","Medium","High","Very High","Ultra"],2,2,2,2,4,150,1,1,2,1,1,0,0,0,2,4096,4,1,0.333333343267441,0.0666666701436043,0.200000002980232,0.466666668653488,0,1,16,2,1,3,512,0,1,2,512,1,1024,5],1,0,1,2,0,["Untagged","Respawn","Finish","EditorOnly","MainCamera","Player","GameController","Collider_Line_Up","Boss","Character","Bed","Door","Map","Bullet_Player","Collider_Lock_Player_Move","Golem","Soldier","Pet"]]}]}