{"materials":[{"id":546,"path":"Resources/unity_builtin_extra\\Sprites-Default","assetBundleId":-2,"data":["Sprites-Default",0,28,3000,0,[["PixelSnap",0],["_EnableExternalAlpha",0]],[["_Color",1,1,1,1],["_RendererColor",1,1,1,1]],[["_MainTex_ST",1,1,0,0],["_Flip",1,1,1,1],["_AlphaTex_ST",1,1,0,0]],[["_MainTex",null,null],["_AlphaTex",null,null]],[]]},{"id":794,"path":"Resources/unity_builtin_extra\\Default-Particle","assetBundleId":-2,"data":["Default-Particle",0,166,3000,0,[["_InvFade",1]],[],[["_MainTex_ST",1,1,0,0]],[["_MainTex",1,792]],[]]},{"id":800,"path":"Resources/unity_builtin_extra\\Default-Skybox","assetBundleId":-2,"data":["Default-Skybox",0,150,1000,0,[["_SunDisk",1],["_SunSize",0.0399999991059303],["_SunSizeConvergence",5],["_AtmosphereThickness",1],["_Exposure",1.29999995231628]],[["_SkyTint",0.5,0.5,0.5,1],["_GroundColor",0.368999987840652,0.349000006914139,0.340999990701675,1]],[],[],[["_SUNDISK_SIMPLE",1]]]},{"id":808,"path":"Resources/unity_builtin_extra\\Default-ParticleSystem","assetBundleId":-2,"data":["Default-ParticleSystem",0,174,3000,0,[["_Cutoff",0.5],["_BumpScale",1],["_DistortionStrength",1],["_DistortionBlend",0.5],["_SoftParticlesNearFadeDistance",0],["_SoftParticlesFarFadeDistance",1],["_CameraNearFadeDistance",1],["_CameraFarFadeDistance",2],["_Mode",2],["_ColorMode",0],["_FlipbookMode",0],["_LightingEnabled",0],["_DistortionEnabled",0],["_EmissionEnabled",0],["_BlendOp",0],["_SrcBlend",5],["_DstBlend",10],["_ZWrite",0],["_Cull",2],["_SoftParticlesEnabled",0],["_CameraFadingEnabled",0],["_DistortionStrengthScaled",0]],[["_Color",1,1,1,1],["_EmissionColor",0,0,0,1]],[["_MainTex_ST",1,1,0,0],["_BumpMap_ST",1,1,0,0],["_EmissionMap_ST",1,1,0,0],["_SoftParticleFadeParams",0,0,0,0],["_CameraFadeParams",0,1e9999,0,0],["_ColorAddSubDiff",0,0,0,0]],[["_MainTex",1,806],["_BumpMap",null,null],["_EmissionMap",null,null]],[["_ALPHABLEND_ON",1]]]}],"shaders":[{"id":292,"assetBundleId":-2,"data":[[],"Mobile/Particles/Alpha Blended",null,["FOG_EXP","FOG_EXP2","FOG_LINEAR","STEREO_CUBEMAP_RENDER_ON","STEREO_INSTANCING_ON","STEREO_MULTIVIEW_ON","UNITY_SINGLE_PASS_STEREO","_"],[[0,0,"",0,"",0,[4,null],[0,null],[0,null],[[5,null],[10,null],[0,null]],[[5,null],[10,null],[0,null]],[15,null],[0,null],[0,null],[0,null],[255,null],[255,null],[[0,null],[0,null],[0,null],[8,null]],[[0,null],[0,null],[0,null],[8,null]],[[0,null],[0,null],[0,null],[8,null]],[["IGNOREPROJECTOR","true"],["PreviewType","Plane"],["QUEUE","Transparent"],["RenderType","Transparent"]],["FOG_EXP","FOG_EXP2","FOG_LINEAR","STEREO_CUBEMAP_RENDER_ON","STEREO_INSTANCING_ON","STEREO_MULTIVIEW_ON","UNITY_SINGLE_PASS_STEREO","_"],[],[],[],0]],[],[["_MainTex",4,0,0,0,0,"white",0]],null,null,0,0,0]},{"id":290,"assetBundleId":-2,"data":[[],"Mobile/Particles/Additive",null,["FOG_EXP","FOG_EXP2","FOG_LINEAR","STEREO_CUBEMAP_RENDER_ON","STEREO_INSTANCING_ON","STEREO_MULTIVIEW_ON","UNITY_SINGLE_PASS_STEREO","_"],[[0,0,"",0,"",0,[4,null],[0,null],[0,null],[[5,null],[1,null],[0,null]],[[5,null],[1,null],[0,null]],[15,null],[0,null],[0,null],[0,null],[255,null],[255,null],[[0,null],[0,null],[0,null],[8,null]],[[0,null],[0,null],[0,null],[8,null]],[[0,null],[0,null],[0,null],[8,null]],[["IGNOREPROJECTOR","true"],["PreviewType","Plane"],["QUEUE","Transparent"],["RenderType","Transparent"]],["FOG_EXP","FOG_EXP2","FOG_LINEAR","STEREO_CUBEMAP_RENDER_ON","STEREO_INSTANCING_ON","STEREO_MULTIVIEW_ON","UNITY_SINGLE_PASS_STEREO","_"],[],[[0,0,[],0,1,0,0],[0,0,[],2,3,1,0]],[],0]],[],[["_MainTex",4,0,0,0,0,"white",0]],null,null,0,0,0]},{"id":150,"assetBundleId":-2,"data":[[],"Skybox/Procedural",null,["_SUNDISK_HIGH_QUALITY","_SUNDISK_NONE","_SUNDISK_SIMPLE","STEREO_CUBEMAP_RENDER_ON","STEREO_INSTANCING_ON","STEREO_MULTIVIEW_ON","UNITY_SINGLE_PASS_STEREO"],[[0,0,"",0,"",0,[4,null],[0,null],[0,null],[[1,null],[0,null],[0,null]],[[1,null],[0,null],[0,null]],[15,null],[0,null],[0,null],[0,null],[255,null],[255,null],[[0,null],[0,null],[0,null],[8,null]],[[0,null],[0,null],[0,null],[8,null]],[[0,null],[0,null],[0,null],[8,null]],[["PreviewType","Skybox"],["QUEUE","Background"],["RenderType","Background"]],["STEREO_CUBEMAP_RENDER_ON","STEREO_INSTANCING_ON","STEREO_MULTIVIEW_ON","UNITY_SINGLE_PASS_STEREO","_SUNDISK_HIGH_QUALITY","_SUNDISK_NONE","_SUNDISK_SIMPLE"],[],[],[],0]],[],[["_SunDisk",2,2,0,0,0,"",0],["_SunSize",3,0.0399999991059303,0,1,0,"",0],["_SunSizeConvergence",3,5,1,10,0,"",0],["_AtmosphereThickness",3,1,0,5,0,"",0],["_SkyTint",0,0.5,0.5,0.5,1,"",0],["_GroundColor",0,0.368999987840652,0.349000006914139,0.340999990701675,1,"",0],["_Exposure",3,1.29999995231628,0,8,0,"",0]],null,null,0,0,0]},{"id":28,"assetBundleId":-2,"data":[[],"Sprites/Default",null,["PIXELSNAP_ON","ETC1_EXTERNAL_ALPHA","INSTANCING_ON","STEREO_CUBEMAP_RENDER_ON","STEREO_INSTANCING_ON","STEREO_MULTIVIEW_ON","UNITY_SINGLE_PASS_STEREO","_","__"],[[0,0,"",0,"",0,[4,null],[0,null],[0,null],[[1,null],[10,null],[0,null]],[[1,null],[10,null],[0,null]],[15,null],[0,null],[0,null],[0,null],[255,null],[255,null],[[0,null],[0,null],[0,null],[8,null]],[[0,null],[0,null],[0,null],[8,null]],[[0,null],[0,null],[0,null],[8,null]],[["CanUseSpriteAtlas","true"],["IGNOREPROJECTOR","true"],["PreviewType","Plane"],["QUEUE","Transparent"],["RenderType","Transparent"]],["ETC1_EXTERNAL_ALPHA","INSTANCING_ON","PIXELSNAP_ON","STEREO_CUBEMAP_RENDER_ON","STEREO_INSTANCING_ON","STEREO_MULTIVIEW_ON","UNITY_SINGLE_PASS_STEREO","_","__"],[],[[0,0,[],4,5,0,0],[0,0,[],6,7,1,0]],[],0]],[],[["_MainTex",4,0,0,0,0,"white",2],["_Color",0,1,1,1,1,"",0],["PixelSnap",2,0,0,0,0,"",0],["_RendererColor",0,1,1,1,1,"",1],["_Flip",1,1,1,1,1,"",1],["_AlphaTex",4,0,0,0,0,"white",2],["_EnableExternalAlpha",2,0,0,0,0,"",2]],null,null,0,0,0]},{"id":174,"assetBundleId":-2,"data":[[],"Particles/Standard Unlit",null,["SHADOWS_DEPTH","_ALPHABLEND_ON","_ALPHAMODULATE_ON","_ALPHAPREMULTIPLY_ON","_ALPHATEST_ON","_COLORADDSUBDIFF_ON","_COLORCOLOR_ON","_COLOROVERLAY_ON","_REQUIRE_UV2","FOG_EXP","FOG_EXP2","FOG_LINEAR","_EMISSION","_FADING_ON","_NORMALMAP","INSTANCING_ON","PROCEDURAL_INSTANCING_ON","SHADOWS_CUBE","STEREO_CUBEMAP_RENDER_ON","STEREO_INSTANCING_ON","STEREO_MULTIVIEW_ON","UNITY_SINGLE_PASS_STEREO","__","_","EFFECT_BUMP","SOFTPARTICLES_ON"],[[0,0,"",0,"_GrabTexture",0,[0,null],[0,null],[0,null],[[1,null],[0,null],[0,null]],[[1,null],[0,null],[0,null]],[15,null],[0,null],[0,null],[0,null],[0,null],[0,null],[[0,null],[0,null],[0,null],[0,null]],[[0,null],[0,null],[0,null],[0,null]],[[0,null],[0,null],[0,null],[0,null]],[["LIGHTMODE","GRABPASS"]],[],[],[],[],0],[1,0,"ShadowCaster",8,"",0,[4,null],[1,null],[0,null],[[1,null],[0,null],[0,null]],[[1,null],[0,null],[0,null]],[14,null],[0,null],[0,null],[0,null],[255,null],[255,null],[[0,null],[0,null],[0,null],[8,null]],[[0,null],[0,null],[0,null],[8,null]],[[0,null],[0,null],[0,null],[8,null]],[["IGNOREPROJECTOR","true"],["LIGHTMODE","SHADOWCASTER"],["PerformanceChecks","False"],["PreviewType","Plane"],["RenderType","Opaque"],["SHADOWSUPPORT","true"]],["INSTANCING_ON","PROCEDURAL_INSTANCING_ON","SHADOWS_CUBE","SHADOWS_DEPTH","STEREO_CUBEMAP_RENDER_ON","STEREO_INSTANCING_ON","STEREO_MULTIVIEW_ON","UNITY_SINGLE_PASS_STEREO","_ALPHABLEND_ON","_ALPHAMODULATE_ON","_ALPHAPREMULTIPLY_ON","_ALPHATEST_ON","_COLORADDSUBDIFF_ON","_COLORCOLOR_ON","_COLOROVERLAY_ON","_REQUIRE_UV2","__","_"],[],[],[],0],[4,0,"",0,"",0,[4,null],[0,"_ZWrite"],[0,"_Cull"],[[0,"_SrcBlend"],[0,"_DstBlend"],[0,"_BlendOp"]],[[0,"_SrcBlend"],[0,"_DstBlend"],[0,"_BlendOp"]],[14,null],[0,null],[0,null],[0,null],[255,null],[255,null],[[0,null],[0,null],[0,null],[8,null]],[[0,null],[0,null],[0,null],[8,null]],[[0,null],[0,null],[0,null],[8,null]],[["IGNOREPROJECTOR","true"],["PerformanceChecks","False"],["PreviewType","Plane"],["RenderType","Opaque"]],["EFFECT_BUMP","FOG_EXP","FOG_EXP2","FOG_LINEAR","INSTANCING_ON","PROCEDURAL_INSTANCING_ON","SOFTPARTICLES_ON","STEREO_CUBEMAP_RENDER_ON","STEREO_INSTANCING_ON","STEREO_MULTIVIEW_ON","UNITY_SINGLE_PASS_STEREO","_ALPHABLEND_ON","_ALPHAMODULATE_ON","_ALPHAPREMULTIPLY_ON","_ALPHATEST_ON","_COLORADDSUBDIFF_ON","_COLORCOLOR_ON","_COLOROVERLAY_ON","_EMISSION","_FADING_ON","_NORMALMAP","_REQUIRE_UV2","__","_"],[],[[4,0,["_ALPHABLEND_ON"],8,9,0,0],[4,0,["_ALPHABLEND_ON"],10,11,1,0],[4,0,["_FADING_ON","_ALPHABLEND_ON"],12,13,0,0],[4,0,["_FADING_ON","_ALPHABLEND_ON"],14,15,1,0]],[],0]],[],[["_MainTex",4,0,0,0,0,"white",0],["_Color",0,1,1,1,1,"",0],["_Cutoff",3,0.5,0,1,0,"",0],["_BumpScale",2,1,0,0,0,"",0],["_BumpMap",4,0,0,0,0,"bump",0],["_EmissionColor",0,0,0,0,1,"",0],["_EmissionMap",4,0,0,0,0,"white",0],["_DistortionStrength",2,1,0,0,0,"",0],["_DistortionBlend",3,0.5,0,1,0,"",0],["_SoftParticlesNearFadeDistance",2,0,0,0,0,"",0],["_SoftParticlesFarFadeDistance",2,1,0,0,0,"",0],["_CameraNearFadeDistance",2,1,0,0,0,"",0],["_CameraFarFadeDistance",2,2,0,0,0,"",0],["_Mode",2,0,0,0,0,"",1],["_ColorMode",2,0,0,0,0,"",1],["_FlipbookMode",2,0,0,0,0,"",1],["_LightingEnabled",2,0,0,0,0,"",1],["_DistortionEnabled",2,0,0,0,0,"",1],["_EmissionEnabled",2,0,0,0,0,"",1],["_BlendOp",2,0,0,0,0,"",1],["_SrcBlend",2,1,0,0,0,"",1],["_DstBlend",2,0,0,0,0,"",1],["_ZWrite",2,1,0,0,0,"",1],["_Cull",2,2,0,0,0,"",1],["_SoftParticlesEnabled",2,0,0,0,0,"",1],["_CameraFadingEnabled",2,0,0,0,0,"",1],["_SoftParticleFadeParams",1,0,0,0,0,"",1],["_CameraFadeParams",1,0,0,0,0,"",1],["_ColorAddSubDiff",1,0,0,0,0,"",1],["_DistortionStrengthScaled",2,0,0,0,0,"",1]],0,68,0,0,0]},{"id":166,"assetBundleId":-2,"data":[[],"Legacy Shaders/Particles/Alpha Blended Premultiply",null,["SOFTPARTICLES_ON","STEREO_CUBEMAP_RENDER_ON","STEREO_INSTANCING_ON","STEREO_MULTIVIEW_ON","UNITY_SINGLE_PASS_STEREO","__"],[[0,0,"",0,"",0,[4,null],[0,null],[0,null],[[1,null],[10,null],[0,null]],[[1,null],[10,null],[0,null]],[14,null],[0,null],[0,null],[0,null],[255,null],[255,null],[[0,null],[0,null],[0,null],[8,null]],[[0,null],[0,null],[0,null],[8,null]],[[0,null],[0,null],[0,null],[8,null]],[["IGNOREPROJECTOR","true"],["PreviewType","Plane"],["QUEUE","Transparent"],["RenderType","Transparent"]],["SOFTPARTICLES_ON","STEREO_CUBEMAP_RENDER_ON","STEREO_INSTANCING_ON","STEREO_MULTIVIEW_ON","UNITY_SINGLE_PASS_STEREO","__"],[],[[0,0,[],16,17,0,0],[0,0,[],18,19,1,0]],[],0]],[],[["_MainTex",4,0,0,0,0,"white",0],["_InvFade",3,1,0.00999999977648258,3,0,"",0]],null,null,0,0,0]},{"id":30,"assetBundleId":-2,"data":[[],"UI/Default",null,["UNITY_UI_ALPHACLIP","UNITY_UI_CLIP_RECT","STEREO_CUBEMAP_RENDER_ON","STEREO_INSTANCING_ON","STEREO_MULTIVIEW_ON","UNITY_SINGLE_PASS_STEREO","_"],[[0,0,"Default",0,"",0,[0,"unity_GUIZTestMode"],[0,null],[0,null],[[1,null],[10,null],[0,null]],[[1,null],[10,null],[0,null]],[0,"_ColorMask"],[0,null],[0,null],[0,"_Stencil"],[0,"_StencilReadMask"],[0,"_StencilWriteMask"],[[0,"_StencilOp"],[0,null],[0,null],[0,"_StencilComp"]],[[0,null],[0,null],[0,null],[8,null]],[[0,null],[0,null],[0,null],[8,null]],[["CanUseSpriteAtlas","true"],["IGNOREPROJECTOR","true"],["PreviewType","Plane"],["QUEUE","Transparent"],["RenderType","Transparent"]],["STEREO_CUBEMAP_RENDER_ON","STEREO_INSTANCING_ON","STEREO_MULTIVIEW_ON","UNITY_SINGLE_PASS_STEREO","UNITY_UI_ALPHACLIP","UNITY_UI_CLIP_RECT","_"],[],[[0,0,[],26,27,0,0],[0,0,[],28,29,1,0],[0,0,["UNITY_UI_ALPHACLIP"],26,30,0,0],[0,0,["UNITY_UI_ALPHACLIP"],28,31,1,0]],[],0]],[],[["_MainTex",4,0,0,0,0,"white",2],["_Color",0,1,1,1,1,"",0],["_StencilComp",2,8,0,0,0,"",0],["_Stencil",2,0,0,0,0,"",0],["_StencilOp",2,0,0,0,0,"",0],["_StencilWriteMask",2,255,0,0,0,"",0],["_StencilReadMask",2,255,0,0,0,"",0],["_ColorMask",2,15,0,0,0,"",0],["_UseUIAlphaClip",2,0,0,0,0,"",0]],null,null,0,0,0]},{"id":296,"assetBundleId":-2,"data":[[],"Mobile/Particles/Multiply",null,["FOG_EXP","FOG_EXP2","FOG_LINEAR","STEREO_CUBEMAP_RENDER_ON","STEREO_INSTANCING_ON","STEREO_MULTIVIEW_ON","UNITY_SINGLE_PASS_STEREO","_"],[[0,0,"",0,"",0,[4,null],[0,null],[0,null],[[0,null],[3,null],[0,null]],[[0,null],[3,null],[0,null]],[15,null],[0,null],[0,null],[0,null],[255,null],[255,null],[[0,null],[0,null],[0,null],[8,null]],[[0,null],[0,null],[0,null],[8,null]],[[0,null],[0,null],[0,null],[8,null]],[["IGNOREPROJECTOR","true"],["PreviewType","Plane"],["QUEUE","Transparent"],["RenderType","Transparent"]],["FOG_EXP","FOG_EXP2","FOG_LINEAR","STEREO_CUBEMAP_RENDER_ON","STEREO_INSTANCING_ON","STEREO_MULTIVIEW_ON","UNITY_SINGLE_PASS_STEREO","_"],[],[],[],0]],[],[["_MainTex",4,0,0,0,0,"white",0]],null,null,0,0,0]},{"id":48,"assetBundleId":-2,"data":[[],"Hidden/BlitCopy",null,["STEREO_CUBEMAP_RENDER_ON","STEREO_INSTANCING_ON","STEREO_MULTIVIEW_ON","UNITY_SINGLE_PASS_STEREO"],[[0,0,"",0,"",0,[8,null],[0,null],[0,null],[[1,null],[0,null],[0,null]],[[1,null],[0,null],[0,null]],[15,null],[0,null],[0,null],[0,null],[255,null],[255,null],[[0,null],[0,null],[0,null],[8,null]],[[0,null],[0,null],[0,null],[8,null]],[[0,null],[0,null],[0,null],[8,null]],[],["STEREO_CUBEMAP_RENDER_ON","STEREO_INSTANCING_ON","STEREO_MULTIVIEW_ON","UNITY_SINGLE_PASS_STEREO"],[],[],[],0]],[],[["_MainTex",4,0,0,0,0,"",0],["_Color",0,1,1,1,1,"",0]],null,null,0,0,0]},{"id":68,"assetBundleId":-2,"data":[[],"Legacy Shaders/VertexLit",null,["FOG_EXP","FOG_EXP2","FOG_LINEAR","POINT","SPOT","SHADOWS_DEPTH","STEREO_CUBEMAP_RENDER_ON","STEREO_INSTANCING_ON","STEREO_MULTIVIEW_ON","UNITY_SINGLE_PASS_STEREO","_","__","INSTANCING_ON","SHADOWS_CUBE"],[[0,0,"",1,"",0,[4,null],[1,null],[2,null],[[1,null],[0,null],[0,null]],[[1,null],[0,null],[0,null]],[15,null],[0,null],[0,null],[0,null],[255,null],[255,null],[[0,null],[0,null],[0,null],[8,null]],[[0,null],[0,null],[0,null],[8,null]],[[0,null],[0,null],[0,null],[8,null]],[["LIGHTMODE","Vertex"],["RenderType","Opaque"]],["FOG_EXP","FOG_EXP2","FOG_LINEAR","POINT","SPOT","STEREO_CUBEMAP_RENDER_ON","STEREO_INSTANCING_ON","STEREO_MULTIVIEW_ON","UNITY_SINGLE_PASS_STEREO","_"],[],[],[],0],[1,0,"",2,"",0,[4,null],[1,null],[2,null],[[1,null],[0,null],[0,null]],[[1,null],[0,null],[0,null]],[15,null],[0,null],[0,null],[0,null],[255,null],[255,null],[[0,null],[0,null],[0,null],[8,null]],[[0,null],[0,null],[0,null],[8,null]],[[0,null],[0,null],[0,null],[8,null]],[["LIGHTMODE","VertexLM"],["RenderType","Opaque"]],["FOG_EXP","FOG_EXP2","FOG_LINEAR","STEREO_CUBEMAP_RENDER_ON","STEREO_INSTANCING_ON","STEREO_MULTIVIEW_ON","UNITY_SINGLE_PASS_STEREO","__"],[],[],[],0],[2,0,"ShadowCaster",8,"",0,[4,null],[1,null],[2,null],[[1,null],[0,null],[0,null]],[[1,null],[0,null],[0,null]],[15,null],[0,null],[0,null],[0,null],[255,null],[255,null],[[0,null],[0,null],[0,null],[8,null]],[[0,null],[0,null],[0,null],[8,null]],[[0,null],[0,null],[0,null],[8,null]],[["LIGHTMODE","SHADOWCASTER"],["RenderType","Opaque"],["SHADOWSUPPORT","true"]],["INSTANCING_ON","SHADOWS_CUBE","SHADOWS_DEPTH","STEREO_CUBEMAP_RENDER_ON","STEREO_INSTANCING_ON","STEREO_MULTIVIEW_ON","UNITY_SINGLE_PASS_STEREO","__"],[],[],[],0]],[],[["_Color",0,1,1,1,1,"",0],["_SpecColor",0,1,1,1,1,"",0],["_Emission",0,0,0,0,0,"",0],["_Shininess",3,0.699999988079071,0.00999999977648258,1,0,"",0],["_MainTex",4,0,0,0,0,"white",0]],null,null,0,0,0]},{"id":8,"assetBundleId":-2,"data":[[],"Hidden/Internal-ScreenSpaceShadows",null,["SHADOWS_SINGLE_CASCADE","SHADOWS_SPLIT_SPHERES","STEREO_CUBEMAP_RENDER_ON","STEREO_INSTANCING_ON","STEREO_MULTIVIEW_ON","UNITY_SINGLE_PASS_STEREO"],[[0,0,"",0,"",0,[8,null],[0,null],[0,null],[[1,null],[0,null],[0,null]],[[1,null],[0,null],[0,null]],[15,null],[0,null],[0,null],[0,null],[255,null],[255,null],[[0,null],[0,null],[0,null],[8,null]],[[0,null],[0,null],[0,null],[8,null]],[[0,null],[0,null],[0,null],[8,null]],[["ShadowmapFilter","HardShadow"]],["SHADOWS_SINGLE_CASCADE","SHADOWS_SPLIT_SPHERES","STEREO_CUBEMAP_RENDER_ON","STEREO_INSTANCING_ON","STEREO_MULTIVIEW_ON","UNITY_SINGLE_PASS_STEREO"],[],[],[],1],[0,0,"",0,"",0,[8,null],[0,null],[0,null],[[1,null],[0,null],[0,null]],[[1,null],[0,null],[0,null]],[15,null],[0,null],[0,null],[0,null],[255,null],[255,null],[[0,null],[0,null],[0,null],[8,null]],[[0,null],[0,null],[0,null],[8,null]],[[0,null],[0,null],[0,null],[8,null]],[["ShadowmapFilter","HardShadow"]],["SHADOWS_SINGLE_CASCADE","SHADOWS_SPLIT_SPHERES","STEREO_CUBEMAP_RENDER_ON","STEREO_INSTANCING_ON","STEREO_MULTIVIEW_ON","UNITY_SINGLE_PASS_STEREO"],[],[],[],1],[0,2,"",0,"",0,[8,null],[0,null],[0,null],[[1,null],[0,null],[0,null]],[[1,null],[0,null],[0,null]],[15,null],[0,null],[0,null],[0,null],[255,null],[255,null],[[0,null],[0,null],[0,null],[8,null]],[[0,null],[0,null],[0,null],[8,null]],[[0,null],[0,null],[0,null],[8,null]],[["ShadowmapFilter","PCF_SOFT"]],["SHADOWS_SINGLE_CASCADE","SHADOWS_SPLIT_SPHERES","STEREO_CUBEMAP_RENDER_ON","STEREO_INSTANCING_ON","STEREO_MULTIVIEW_ON","UNITY_SINGLE_PASS_STEREO"],[],[],[],1],[0,2,"",0,"",0,[8,null],[0,null],[0,null],[[1,null],[0,null],[0,null]],[[1,null],[0,null],[0,null]],[15,null],[0,null],[0,null],[0,null],[255,null],[255,null],[[0,null],[0,null],[0,null],[8,null]],[[0,null],[0,null],[0,null],[8,null]],[[0,null],[0,null],[0,null],[8,null]],[["ShadowmapFilter","PCF_SOFT"]],["SHADOWS_SINGLE_CASCADE","SHADOWS_SPLIT_SPHERES","STEREO_CUBEMAP_RENDER_ON","STEREO_INSTANCING_ON","STEREO_MULTIVIEW_ON","UNITY_SINGLE_PASS_STEREO"],[],[],[],1]],[],[["_ShadowMapTexture",4,0,0,0,0,"",0],["_ODSWorldTexture",4,0,0,0,0,"",0]],null,null,1,0,0]}],"sprites":[{"id":818,"path":"Resources/unity_builtin_extra\\UISprite","assetBundleId":-2,"data":["UISprite",1,816,[0,0,0,0.08,0.08,0],[0.05,0.08,0,0.8125,1,0.08,-0.08,0,1,0,0.08,0.075,0,1,0.96875,-0.07,0.08,0,0.0625,1,-0.075,-0.08,0,0.03124997,0,-0.08,0.07,0,0,0.9375,-0.08,-0.05,0,0,0.1875],[6,5,4,3,4,5,1,4,3,0,1,3,2,1,0],-0.000835968181490898,-0.00160364620387554,0.999164044857025,0.998396337032318,0,0,1,1,0.3125,0.3125,0.3125,0.3125,[0,0,0,0],[-0.08,-0.08,0.08,0.08],200,32,32,32,32,16,16,0.0267509818077087,0.0513166785240173]},{"id":822,"path":"Resources/unity_builtin_extra\\Background","assetBundleId":-2,"data":["Background",1,820,[0,0,0,0.08,0.08,0],[0.05,0.08,0,0.8125,1,0.08,-0.08,0,1,0,0.08,0.075,0,1,0.96875,-0.07,0.08,0,0.0625,1,-0.075,-0.08,0,0.03124997,0,-0.08,0.07,0,0,0.9375,-0.08,-0.05,0,0,0.1875],[6,5,4,3,4,5,1,4,3,0,1,3,2,1,0],-0.000835968181490898,-0.00160364620387554,0.999164044857025,0.998396337032318,0,0,1,1,0.3125,0.3125,0.3125,0.3125,[0,0,0,0],[-0.08,-0.08,0.08,0.08],200,32,32,32,32,16,16,0.0267509818077087,0.0513166785240173]},{"id":838,"path":"Resources/unity_builtin_extra\\UIMask","assetBundleId":-2,"data":["UIMask",1,836,[0,0,0,0.07,0.07,0],[0.055,0.07,0,0.84375,0.9375,0.07,-0.06,0,0.9375,0.125,0.07,0.055,0,0.9375,0.84375,0.055,-0.07,0,0.84375,0.0625,-0.065,-0.07,0,0.09375,0.0625,-0.07,0.07,0,0.0625,0.9375,-0.07,-0.06,0,0.0625,0.125],[6,5,4,0,4,5,3,4,0,1,3,0,2,1,0],-0.000835970044136047,-0.000835970044136047,0.999164044857025,0.999164044857025,0.0625,0.0625,0.9375,0.9375,0.3125,0.3125,0.3125,0.3125,[0,0,0,0],[-0.08,-0.08,0.08,0.08],200,32,32,32,32,16,16,2.02675104141235,2.02675104141235]}],"textures":[{"id":792,"type":0,"path":"Resources/unity_builtin_extra\\Default-Particle","assetBundleId":-2,"data":["Default-Particle",64,64,7,1,1,0,4,0,0,1,8,0,0,0,0]},{"id":806,"type":0,"path":"Resources/unity_builtin_extra\\Default-ParticleSystem","assetBundleId":-2,"data":["Default-ParticleSystem",64,64,7,1,1,0,4,1,0,1,8,0,0,1,1]},{"id":816,"type":0,"path":"Resources/unity_builtin_extra\\UISprite","assetBundleId":-2,"data":["UISprite",32,32,6,16,1,0,4,1,1,1,8,0,0,1,1]},{"id":820,"type":0,"path":"Resources/unity_builtin_extra\\Background","assetBundleId":-2,"data":["Background",32,32,6,16,1,0,4,1,1,1,8,0,0,1,1]},{"id":836,"type":0,"path":"Resources/unity_builtin_extra\\UIMask","assetBundleId":-2,"data":["UIMask",32,32,6,16,1,0,4,1,1,1,8,0,0,1,1]}],"cubemaps":[{"id":33518,"type":2,"path":"Assets/Game_Play/Scenes/GamePlay.unity/PrefilteredEnvironment.exr","assetBundleId":-2,"data":["",-758632,8,0,128,0,2,[0,0,0.25,0.5,0,0.5,0.25,1,0.25,0,0.5,0.5,0.25,0.5,0.5,1,0.5,0,0.75,0.5,0.75,0,1,0.5,0.5,0.5,0.625,0.75,0.5,0.75,0.625,1,0.625,0.5,0.75,0.75,0.625,0.75,0.75,1,0.75,0.5,0.875,0.75,0.875,0.5,1,0.75,0.75,0.75,0.8125,0.875,0.75,0.875,0.8125,1,0.8125,0.75,0.875,0.875,0.8125,0.875,0.875,1,0.875,0.75,0.9375,0.875,0.9375,0.75,1,0.875,0.875,0.875,0.90625,0.9375,0.875,0.9375,0.90625,1,0.90625,0.875,0.9375,0.9375,0.90625,0.9375,0.9375,1,0.9375,0.875,0.96875,0.9375,0.96875,0.875,1,0.9375,0.9375,0.9375,0.953125,0.96875,0.9375,0.96875,0.953125,1,0.953125,0.9375,0.96875,0.96875,0.953125,0.96875,0.96875,1,0.96875,0.9375,0.984375,0.96875,0.984375,0.9375,1,0.96875,0.96875,0.96875,0.9765625,0.984375,0.96875,0.984375,0.9765625,1,0.9765625,0.96875,0.984375,0.984375,0.9765625,0.984375,0.984375,1,0.984375,0.96875,0.9921875,0.984375,0.9921875,0.96875,1,0.984375,0.984375,0.984375,0.98828125,0.9921875,0.984375,0.9921875,0.98828125,1,0.98828125,0.984375,0.9921875,0.9921875,0.98828125,0.9921875,0.9921875,1,0.9921875,0.984375,0.99609375,0.9921875,0.99609375,0.984375,1,0.9921875,0.9921875,0.9921875,0.994140625,0.99609375,0.9921875,0.99609375,0.994140625,1,0.994140625,0.9921875,0.99609375,0.99609375,0.994140625,0.99609375,0.99609375,1,0.99609375,0.9921875,0.998046875,0.99609375,0.998046875,0.9921875,1,0.99609375],1,1]}],"resources":[{"id":0,"assetBundleId":-2,"data":[[["unity_builtin_extra",1,836],["unity_builtin_extra",15,838],["allin1spriteshader",0,420],["unity_builtin_extra",1,816],["unity_builtin_extra",15,818],["unity_builtin_extra",1,820],["unity_builtin_extra",15,822],["unity_builtin_extra",0,28],["unity_builtin_extra",7,546],["unity_builtin_extra",0,174],["unity_builtin_extra",1,806],["unity_builtin_extra",7,808],["unity_builtin_extra",0,290],["unity_builtin_extra",0,166],["unity_builtin_extra",1,792],["unity_builtin_extra",7,794],["unity_builtin_extra",0,292],["unity_builtin_extra",0,296],["unity_builtin_extra",0,150],["unity_builtin_extra",7,800],["unity_builtin_extra",0,30],["dotweensettings",192,33238],["sprite assets/emojione",7,33244],["sprite assets/emojione",49,33228],["style sheets/default style sheet",194,33232],["linebreaking leading characters",180,33234],["linebreaking following characters",180,33236],["tmp settings",193,33230],["unity_builtin_extra",0,8],["allin1oneshaderfunctions",195,33240],["allin1spriteshaderscaledtime",0,414],["allin1spriteshaderuimask",0,434],["smoke",17,33224]],[26544,25350,27782,25350,27784,25350,26550,25350,26548,25350,24748,24746,32452,24746,32466,24746,32468,24746,32470,24746,32454,24746,24952,24746,24946,24746,24954,24746,32462,24746,32480,24746,32510,24746,32456,24746,32450,24746,32500,24746,24956,24746,32494,24746,32474,24746,24750,24746,65538,65868,32486,24746,32488,24746,-753368,65868,32542,24746,32544,24746,32538,24746,32516,24746,24944,24746,-753376,65868,-753384,65868,-753392,65868,32492,24746,-753400,65868,32534,24746,32536,24746,32524,24746,32526,24746,32540,24746,32512,24746,32514,24746,-753408,65868,-753416,65868,-753424,65868,-753432,65868,32490,24746,24948,24746,-753444,65868,32548,24746,32550,24746,-753452,65868,-753440,65868,32518,24746,32520,24746,24874,24872,24868,24872,-754688,65868,30304,24872,24934,24872,24870,24872,-754692,65868,-755622,65868,-755626,65868,-753360,65868,32472,24746,-753388,65868,-753428,65868,-753372,65868,32476,24746,-753354,65868,65540,65868,65988,65868,-754584,65868,-754592,65868,-754600,65868,-754608,65868,-754616,65868,-754624,65868,-754632,65868,-754640,65868,-754648,65868,-754660,65868,-754668,65868,-754656,65868,-754576,65868,-754604,65868,-754644,65868,-754588,65868,-754570,65868,65990,65868,66200,65868,-755316,65868,-755324,65868,-755332,65868,-755340,65868,-755348,65868,-755356,65868,-755364,65868,-755372,65868,-755380,65868,-755392,65868,-755400,65868,-755388,65868,-755308,65868,-755336,65868,-755376,65868,-755320,65868,-755302,65868,66202,65868,66042,65868,-754718,65868,-754726,65868,-754734,65868,-754742,65868,-754750,65868,-754758,65868,-754766,65868,-754774,65868,-754782,65868,-754794,65868,-754802,65868,-754790,65868,-754710,65868,-754738,65868,-754778,65868,-754722,65868,-754704,65868,66044,65868,65848,65868,-754260,65868,-754268,65868,-754276,65868,-754284,65868,-754292,65868,-754300,65868,-754308,65868,-754316,65868,-754324,65868,-754336,65868,-754344,65868,-754332,65868,-754252,65868,-754280,65868,-754320,65868,-754264,65868,-754246,65868,65850,65868,65982,65868,-754476,65868,-754484,65868,-754492,65868,-754500,65868,-754508,65868,-754516,65868,-754524,65868,-754532,65868,-754540,65868,-754552,65868,-754560,65868,-754548,65868,-754468,65868,-754496,65868,-754536,65868,-754480,65868,-754462,65868,65984,65868,66268,65868,-755532,65868,-755540,65868,-755548,65868,-755556,65868,-755564,65868,-755572,65868,-755580,65868,-755588,65868,-755596,65868,-755608,65868,-755616,65868,-755604,65868,-754230,65868,-754234,65868,-754674,65868,-754678,65868,-755524,65868,-755552,65868,-755592,65868,-755536,65868,-755518,65868,66270,65868,66114,65868,-754890,65868,-754898,65868,-754906,65868,-754914,65868,-754922,65868,-754930,65868,-754938,65868,-754946,65868,-754954,65868,-754966,65868,-754974,65868,-754962,65868,-754882,65868,-754910,65868,-754950,65868,-754894,65868,-754876,65868,66116,65868,66336,65868,-755652,65868,-755660,65868,-755668,65868,-755676,65868,-755684,65868,-755692,65868,-755700,65868,-755708,65868,-755716,65868,-755728,65868,-755736,65868,-755724,65868,-755644,65868,-755672,65868,-755712,65868,-755656,65868,-755638,65868,66338,65868,66254,65868,-755424,65868,-755432,65868,-755440,65868,-755448,65868,-755456,65868,-755464,65868,-755472,65868,-755480,65868,-755488,65868,-755500,65868,-755508,65868,-755496,65868,-755416,65868,-755444,65868,-755484,65868,-755428,65868,-755410,65868,66256,65868,66460,65868,-755828,65868,-755836,65868,-755844,65868,-755852,65868,-755860,65868,-755868,65868,-755876,65868,-755884,65868,-755892,65868,-755904,65868,-755912,65868,-755900,65868,-755820,65868,-755848,65868,-755888,65868,-755832,65868,-755814,65868,66462,65868,65898,65868,-754368,65868,-754376,65868,-754384,65868,-754392,65868,-754400,65868,-754408,65868,-754416,65868,-754424,65868,-754432,65868,-754444,65868,-754452,65868,-754440,65868,-754360,65868,-754388,65868,-754428,65868,-754372,65868,-754354,65868,65896,65868,24880,24884,25148,24884,24888,25170,33068,25170,33070,25170,33072,25170,33074,25170,33076,25170,33078,25170,33090,25170,33104,25170,33102,25170,33096,25170,33098,25170,33094,25170,33100,25170,65760,65868,-756888,65868,-756894,65868,-756900,65868,-756906,65868,-756912,65868,-756918,65868,25172,25170,-756884,65868,-756890,65868,-756896,65868,-756908,65868,-756914,65868,-756920,65868,-756902,65868,65742,65868,26204,25102,26412,25102,26416,25102,26212,25102,25160,24892,25162,24892,27576,24892,26296,24892,26298,24892,26300,24892,26302,24892,26306,24892,66862,65716,28906,24892,28908,24892,28900,24892,-756664,65716,28910,24892,-756672,65716,28902,24892,28904,24892,27568,24892,27570,24892,-756648,65716,-756656,65716,-756680,65716,25662,24892,25664,24892,-756676,65716,-756660,65716,25666,24892,25044,24890,25048,24890,27564,24890,26276,24890,26278,24890,26280,24890,26282,24890,26284,24890,26292,24890,26294,24890,25658,24890,25656,24890,66400,65716,28890,24890,28892,24890,28888,24890,28884,24890,-755778,65716,30306,24890,30308,24890,-755786,65716,27552,24890,27554,24890,27546,24890,27548,24890,27550,24890,27556,24890,27558,24890,-755754,65716,-755762,65716,-755770,65716,-755794,65716,-755804,65716,25654,24890,-755774,65716,-755766,65716,25660,24890,-755748,65716,-755746,65716,25140,24966,26338,24966,27584,24966,27590,24966,25132,24966,26330,24966,28942,24966,25692,24966,26340,24966,27630,24966,28930,28926,30314,28926,28922,28926,25138,24966,31428,28926,28954,24966,26342,24966,30316,28926,27596,28926,27602,24966,25136,24966,28934,24966,27622,24966,25134,24966,28932,24966,27616,24966,26334,24966,26336,24966,26344,24966,26346,24966,26308,24966,26310,24966,26312,24966,26314,24966,26316,24966,26318,24966,26322,24966,26324,24966,66814,65716,28960,24966,28914,24966,28916,24966,-756182,65716,27586,24966,27588,24966,27592,24966,27594,24966,30320,24966,25130,24966,-756194,65716,-756202,65716,-756210,65716,-756218,65716,28940,24966,28944,24966,-756186,65716,-756158,65716,-756222,65716,28920,24966,-756226,65716,-756240,65716,30324,24966,-756248,65716,-756234,65716,28956,24966,-756252,65716,-756256,65716,30322,24966,-756264,65716,28936,24966,-756268,65716,-756272,65716,30312,24966,-756280,65716,28928,24966,-756284,65716,28952,24966,28958,24966,28946,24966,-756166,65716,-756174,65716,-756288,65716,-756296,65716,-756244,65716,-756260,65716,-756276,65716,-756190,65716,-756292,65716,-756170,65716,-756230,65716,-756300,65716,25694,24966,25696,24966,32572,24796,32602,24796,24798,24796,24794,24796,32656,24796,32576,24796,32714,24796,32592,24796,32636,24796,32736,24796,32594,24796,32642,24796,32742,24796,24814,24796,24822,24796,24808,24796,24790,24796,24820,24796,32710,24796,32578,24796,24792,24796,24824,24796,24802,24796,24810,24796,24800,24796,32648,24796,24782,24796,24828,24796,24788,24796,24812,24796,32626,24796,32628,24796,24804,24796,32630,24796,24818,24796,32712,24796,24826,24796,24806,24796,32614,24796,24832,24796,32580,24796,32588,24796,32582,24796,24816,24796,24786,24796,24780,24796,32574,24796,32660,24796,32664,24796,32686,24796,32688,24796,32692,24796,24784,24796,32694,24796,32696,24796,32698,24796,32700,24796,-756328,65716,32776,24796,32778,24796,-756336,65716,66182,65716,32658,24796,32662,24796,-756358,65716,32834,24796,-756366,65716,-756352,65716,32740,24796,-756370,65716,-756374,65716,32822,24796,-756382,65716,32716,24796,-756386,65716,-756390,65716,32828,24796,-756398,65716,32732,24796,-756402,65716,32650,24796,-756418,65716,32768,24796,32770,24796,32794,24796,32796,24796,32784,24796,32786,24796,32830,24796,32848,24796,32850,24796,-756422,65716,-756430,65716,-756438,65716,-756446,65716,-756454,65716,-756406,65716,-756462,65716,32762,24796,32764,24796,32788,24796,32790,24796,32772,24796,32774,24796,32842,24796,32844,24796,32846,24796,-756466,65716,-756474,65716,-756482,65716,-756490,65716,-756498,65716,-756506,65716,32750,24796,32752,24796,32780,24796,32782,24796,32744,24796,32746,24796,32812,24796,32836,24796,32838,24796,32832,24796,32814,24796,32816,24796,-756510,65716,-756518,65716,-756526,65716,-756534,65716,-756542,65716,-756550,65716,-756558,65716,-756566,65716,32824,24796,32826,24796,32818,24796,32820,24796,32852,24796,32854,24796,-756572,65716,-756580,65716,-756588,65716,32612,24796,32616,24796,-756410,65716,66848,65716,32618,24796,-756596,65716,32802,24796,32804,24796,32806,24796,-756600,65716,-756610,65716,32724,24796,32726,24796,32754,24796,32756,24796,32720,24796,32722,24796,-756616,65716,-756624,65716,-756632,65716,32620,24796,-756344,65716,32596,24796,32598,24796,-756332,65716,-756348,65716,-756538,65716,-756554,65716,-756450,65716,-756494,65716,-756568,65716,-756362,65716,-756378,65716,-756394,65716,-753480,65716,-753488,65716,65580,65716,-753510,65716,-753518,65716,-753504,65716,-753522,65716,-753526,65716,-753534,65716,-753538,65716,-753542,65716,-753550,65716,-753554,65716,-753570,65716,-753574,65716,-753582,65716,-753590,65716,-753598,65716,-753606,65716,-753558,65716,-753614,65716,-753618,65716,-753626,65716,-753634,65716,-753642,65716,-753650,65716,-753658,65716,-753662,65716,-753670,65716,-753678,65716,-753686,65716,-753694,65716,-753702,65716,-753710,65716,-753718,65716,-753724,65716,-753732,65716,-753740,65716,-753562,65716,65582,65716,-753748,65716,-753752,65716,-753762,65716,-753768,65716,-753776,65716,-753784,65716,-753496,65716,-753484,65716,-753500,65716,-753690,65716,-753706,65716,-753602,65716,-753646,65716,-753720,65716,-753514,65716,-753530,65716,-753546,65716,-754988,65716,-754996,65716,66142,65716,-755018,65716,-755026,65716,-755012,65716,-755030,65716,-755034,65716,-755042,65716,-755046,65716,-755050,65716,-755058,65716,-755062,65716,-755078,65716,-755082,65716,-755090,65716,-755098,65716,-755106,65716,-755114,65716,-755066,65716,-755122,65716,-755126,65716,-755134,65716,-755142,65716,-755150,65716,-755158,65716,-755166,65716,-755170,65716,-755178,65716,-755186,65716,-755194,65716,-755202,65716,-755210,65716,-755218,65716,-755226,65716,-755232,65716,-755240,65716,-755248,65716,-755070,65716,66144,65716,-755256,65716,-755260,65716,-755270,65716,-755276,65716,-755284,65716,-755292,65716,-755004,65716,-754992,65716,-755008,65716,-755198,65716,-755214,65716,-755110,65716,-755154,65716,-755228,65716,-755022,65716,-755038,65716,-755054,65716,24856,24854,24858,24854,32978,24854,32872,24854,33016,24854,24850,24854,32964,24854,33034,24854,24848,24854,32958,24854,33026,24854,24844,24854,32908,24854,32910,24854,24846,24854,32912,24854,32874,24854,24852,24854,24842,24854,32966,24854,24862,24854,32968,24854,32948,24854,24866,24854,32876,24854,32904,24854,32880,24854,32886,24854,32868,24854,32870,24854,32878,24854,32916,24854,32918,24854,32930,24854,32932,24854,32934,24854,32936,24854,32938,24854,32940,24854,66844,65716,32970,24854,32972,24854,-756716,65716,33054,24854,-756724,65716,-756710,65716,33030,24854,-756728,65716,-756732,65716,33052,24854,-756740,65716,33014,24854,-756744,65716,-756748,65716,33050,24854,-756756,65716,33008,24854,-756760,65716,32980,24854,-756776,65716,32988,24854,32990,24854,32984,24854,32986,24854,33048,24854,33044,24854,33046,24854,-756780,65716,-756788,65716,-756796,65716,-756804,65716,-756764,65716,-756812,65716,32994,24854,32996,24854,33004,24854,33006,24854,33042,24854,33038,24854,33040,24854,-756816,65716,-756824,65716,-756832,65716,-756840,65716,32946,24854,32950,24854,-756768,65716,66874,65716,32952,24854,-756848,65716,33000,24854,-756852,65716,32942,24854,32944,24854,-756868,65716,33018,24854,33020,24854,33022,24854,-756872,65716,-756694,65716,-756702,65716,-756860,65716,32894,24854,32896,24854,-756698,65716,-756706,65716,-756800,65716,-756836,65716,-756720,65716,-756736,65716,-756752,65716,-756856,65716,65684,65716,-754014,65716,-754022,65716,-754008,65716,-754026,65716,-754030,65716,-754038,65716,-754042,65716,-754046,65716,-754054,65716,-754058,65716,-754074,65716,-754078,65716,-754086,65716,-754094,65716,-754102,65716,-754062,65716,-754110,65716,-754114,65716,-754122,65716,-754130,65716,-754138,65716,-754066,65716,65686,65716,-754146,65716,-754150,65716,-754166,65716,-754170,65716,-753992,65716,-754000,65716,-754158,65716,-753996,65716,-754004,65716,-754098,65716,-754134,65716,-754018,65716,-754034,65716,-754050,65716,-754154,65716,65678,65716,-753820,65716,-753828,65716,-753814,65716,-753832,65716,-753836,65716,-753844,65716,-753848,65716,-753852,65716,-753860,65716,-753864,65716,-753880,65716,-753884,65716,-753892,65716,-753900,65716,-753908,65716,-753868,65716,-753916,65716,-753920,65716,-753928,65716,-753936,65716,-753944,65716,-753872,65716,65680,65716,-753952,65716,-753956,65716,-753972,65716,-753976,65716,-753798,65716,-753806,65716,-753964,65716,-753802,65716,-753810,65716,-753904,65716,-753940,65716,-753824,65716,-753840,65716,-753856,65716,-753960,65716,66560,65716,-755948,65716,-755956,65716,-755942,65716,-755960,65716,-755964,65716,-755972,65716,-755976,65716,-755980,65716,-755988,65716,-755992,65716,-756008,65716,-756012,65716,-756020,65716,-756028,65716,-756036,65716,-755996,65716,-756044,65716,-756048,65716,-756056,65716,-756064,65716,-756072,65716,-756000,65716,66562,65716,-756080,65716,-756084,65716,-756100,65716,-756104,65716,-755926,65716,-755934,65716,-756092,65716,-755930,65716,-755938,65716,-756032,65716,-756068,65716,-755952,65716,-755968,65716,-755984,65716,-756088,65716,24928,24922,33152,24922,24926,24922,24916,24922,33158,24922,24924,24922,66914,65716,33166,24922,33168,24922,33170,24922,33172,24922,33164,24922,24918,24922,-756932,65716,-756940,65716,-756948,65716,33156,24922,33160,24922,-756926,65716,66916,65716,66048,65716,-754818,65716,-754826,65716,-754834,65716,-754812,65716,66050,65716,66108,65716,-754850,65716,-754858,65716,-754866,65716,-754844,65716,66110,65716,66722,65716,-756134,65716,-756142,65716,-756150,65716,-756128,65716,66724,65716,65792,65716,-754206,65716,-754214,65716,-754222,65716,-754200,65716,65794,65716,66670,65716,-756116,65716,65698,65716,-754182,65716,32570,32566,32560,32566,24764,24772,32568,32566,24770,24772,32558,24772,24766,24772,65556,66394,-753468,66394,-753466,66394,24762,24772,-753470,66394,25156,24772,32564,24772,65554,66394,26576,25764,26574,25764,26582,25766,27810,25766,29030,25766,27806,25766,27808,25766,27800,25766,27812,25766,26460,25768,26220,25768,26420,25768,26422,25768,26424,25768,26426,25768,26428,25768,26430,25768,26432,25768,26434,25768,26436,25768,26438,25768,26440,25768,26442,25768,26444,25768,26446,25768,26448,25768,26450,25768,26452,25768,26454,25768,26456,25768,26458,25768,27760,25768,26218,25768,26590,25770,27820,25770,29056,25770,29058,25770,29060,25770,29062,25770,29064,25770,29066,25770,29068,25770,29070,25770,29072,25770,29074,25770,29076,25770,29078,25770,29080,25770,29082,25770,29084,25770,29086,25770,29088,25770,29090,25770,29092,25770,29094,25770,27818,25770,27822,25770,27826,25774,29102,25774,29108,25774,26602,25774,27828,25774,27830,25774,26608,25776,29114,25776,30446,25776,27842,25776,27840,25776,27838,25776,27836,25776,27874,25778,29180,25778,29182,25778,29184,25778,26616,25778,26952,25868,30498,29170,26954,25868,31444,29170,31452,29170,29158,25778,32260,29170,32254,29170,30500,25778,30502,25778,27876,25778,30476,29170,30450,30482,31476,30482,31484,30482,31466,30482,31458,30482,31462,30482,31448,30482,29160,25778,32248,30482,32262,30482,32272,30482,32246,30482,32258,30482,32252,30482,32266,30482,32250,30482,32270,30482,32264,30482,32274,30482,32268,30482,30452,25778,30454,25778,30456,25778,30458,25778,30460,25778,30462,25778,29164,30482,31474,30482,29118,30470,30486,30470,30488,30470,30492,30470,27850,25778,29130,30470,29148,25778,31960,30470,29154,25778,29156,25778,27856,25778,29134,25778,29124,25778,29126,25778,27878,25778,29138,30464,31482,30464,31456,30464,27880,25778,27868,25778,27882,25778,27854,25778,27884,25778,27848,25778,27858,25778,27860,25778,27862,25778,27864,25778,27866,25778,26624,25780,27942,25780,29258,25780,29280,25780,29282,25780,29218,30560,30536,30560,31512,30560,30540,30560,31556,30560,30550,30560,31506,30560,30576,30560,30578,30560,30522,30560,27948,25780,31516,30560,29226,25780,32278,30560,30538,25780,32030,30560,29230,25780,32306,30560,30544,25780,31542,30560,29234,25780,32280,30560,30552,25780,29224,25780,29228,25780,29232,25780,29246,30560,31524,30560,27900,25780,29198,25780,30532,25780,30534,25780,29192,25780,30518,25780,31488,25780,31490,25780,31492,25780,31494,25780,31496,25780,31498,25780,29240,25780,30564,25780,30566,25780,27898,25780,27912,25780,27906,25780,27910,25780,27908,25780,27950,25780,27952,25780,29286,25780,27954,25780,26626,25780,29292,25780,29294,25780,29296,25780,29298,25780,27956,25780,29270,25780,29272,25780,29274,25780,29276,25780,27946,25780,27936,25780,27938,25780,27922,25780,27934,25780,27914,25780,27940,25780,27916,25780,27932,25780,27890,25780,27902,25780,27904,25780,27924,25780,27926,25780,27928,25780,27930,25780,27944,25780,26634,25782,27958,25782,27960,25782,26638,25784,27962,25784,27964,25784,26642,25786,27966,25786,27968,25786,26646,25788,27970,25788,27972,25788,26650,25790,27974,25790,27976,25790,26654,25792,27978,25792,27980,25792,26658,25794,27982,25794,27984,25794,26662,25796,27986,25796,27988,25796,26666,25798,27990,25798,27992,25798,26670,25800,27994,25800,27996,25800,26674,25802,27998,25802,28000,25802,26678,25804,28002,25804,28004,25804,26682,25806,29378,30662,31584,30662,31578,30662,28006,25806,28008,25806,28010,25806,26692,25810,29394,25810,30674,25810,28024,25810,28022,25810,28020,25810,28018,25810,29428,30696,32046,30696,30686,30696,28026,25812,32050,30696,31610,25812,29434,25812,26700,25812,31614,30696,29484,25812,28058,25812,29444,25812,29446,25812,29448,25812,29450,25812,29452,25812,29454,25812,29456,25812,29458,25812,29460,25812,29462,25812,29464,25812,29466,25812,29468,25812,29470,25812,29472,25812,29474,25812,29476,25812,29478,25812,29480,25812,29482,25812,28066,25812,28028,25812,29494,25812,30726,25812,30728,25812,28030,25812,29502,25812,30712,25812,30714,25812,30716,25812,30718,25812,30720,25812,30722,25812,28040,25812,29426,25812,29438,25812,29440,25812,28060,25812,29420,25812,29412,25812,29414,25812,28044,25812,28032,25812,28034,25812,28036,25812,28038,25812,28042,25812,28050,25812,28052,25812,28054,25812,28056,25812,28062,25812,28064,25812,28068,25814,29510,25814,28086,25814,26710,25814,28070,25814,31636,25814,29536,25814,29504,25814,30750,25814,30752,25814,28072,25814,29506,25814,30760,25814,30762,25814,30764,25814,30766,25814,30768,25814,30770,25814,28074,25814,29518,25814,29528,25814,29530,25814,28080,25814,28082,25814,28084,25814,28088,25814,28090,25816,29540,25816,26720,25816,30780,31642,28094,25816,32104,31642,32100,31642,29544,25816,29546,25816,29548,25816,29550,25816,28092,25816,26728,25818,28112,25818,29568,25818,27346,26140,28526,26140,28528,26140,28530,26140,28114,25818,31176,26140,31178,26140,31172,26140,31174,26140,31180,26140,31182,26140,29578,25818,29580,25818,29582,25818,27348,26140,27350,26140,28116,25818,29560,25818,29562,25818,29564,25818,28110,25818,28118,25818,28104,25818,28106,25818,28108,25818,26736,25820,28126,25820,29590,25820,28120,25820,28122,25820,28124,25820,28130,25820,28132,25820,28134,25820,28138,25822,29600,25822,26744,25822,28140,25822,28144,25824,29604,25824,26752,25824,28146,25824,26760,25826,28150,25826,28152,25826,26768,25828,28156,25828,28158,25828,26776,25830,28160,25830,28162,25830,26784,25832,28166,25832,28168,25832,26792,25834,28172,25834,28174,25834,28180,25836,29618,25836,26800,25836,28182,25836,26808,25838,28186,25838,29622,25838,29626,25838,29628,25838,28184,25838,28188,25838,28192,25838,26816,25840,28198,25840,29636,25840,29640,25840,29642,25840,28200,25840,28202,25840,28196,25840,26824,25842,28206,25842,29654,25842,29646,25842,29648,25842,28204,25842,28208,25842,28212,25842,26832,25844,28216,25844,29664,25844,29658,25844,29660,25844,28214,25844,28218,25844,28222,25844,28234,25846,28236,25846,28224,25846,26840,25846,28228,25846,29672,25846,29678,25846,29680,25846,28226,25846,28230,25846,28238,25846,28274,25848,31758,25848,29720,25848,26848,25848,29724,25848,28262,25848,29734,25848,29736,25848,29738,25848,29740,25848,29742,25848,29744,25848,29746,25848,29748,25848,29750,25848,29752,25848,29754,25848,29756,25848,29758,25848,29760,25848,29762,25848,29764,25848,29766,25848,29768,25848,29770,25848,29772,25848,28272,25848,28276,25848,29780,25848,30924,25848,30926,25848,28278,25848,29788,25848,30910,25848,30912,25848,30914,25848,30916,25848,30918,25848,30920,25848,28258,25848,29714,25848,29728,25848,29730,25848,28264,25848,29708,25848,29700,25848,29702,25848,28280,25848,28250,25848,28256,25848,28252,25848,28254,25848,28268,25848,28244,25848,28246,25848,28248,25848,28260,25848,28266,25848,28270,25848,28320,25850,31792,25850,29836,25850,26858,25850,28304,25850,29848,25850,29850,25850,29852,25850,29854,25850,29856,25850,29858,25850,29860,25850,29862,25850,29864,25850,29866,25850,29868,25850,29870,25850,29872,25850,29874,25850,29876,25850,29878,25850,29880,25850,29882,25850,29884,25850,29886,25850,29888,25850,28322,25850,31002,29800,32308,29800,31796,29800,31776,29800,31764,29800,29804,25850,32318,29800,32314,29800,32322,29800,32310,29800,32164,25850,32320,29800,31004,25850,31006,25850,31008,25850,31024,29800,30968,29800,29902,25850,29894,25850,30992,25850,30994,25850,28324,25850,29904,25850,30978,25850,30980,25850,30982,25850,30984,25850,30986,25850,30988,25850,28300,25850,29830,25850,29842,25850,29844,25850,28306,25850,29824,25850,29814,25850,29816,25850,28326,25850,28292,25850,28298,25850,28294,25850,28296,25850,28310,25850,28286,25850,28288,25850,28290,25850,28302,25850,28308,25850,28314,25850,28318,25850,31048,31074,29914,31074,26868,25852,29968,31074,29970,25852,26874,25852,26870,25852,29966,25852,29998,31066,29978,31066,29940,31066,29928,31066,29994,31066,29974,31066,29956,31066,29960,31066,29944,31066,29920,31066,28340,25852,30002,25852,31042,25852,31044,25852,28362,25852,28368,25852,28370,25852,28372,25852,28376,25852,28374,25852,28366,25852,28382,25852,28378,25852,31800,31036,32204,31036,31032,31036,32350,31036,28544,26146,30194,26146,27366,26146,31872,26146,27368,26146,31034,25852,32348,31036,31804,25852,29938,25852,32332,31036,32326,25852,32330,31036,28342,25852,29908,31036,31806,31036,28352,25852,29984,25852,29986,25852,29988,25852,29990,25852,28332,25852,28330,25852,28334,25852,28336,25852,28338,25852,28344,25852,28346,25852,28348,25852,28350,25852,28354,25852,26880,25852,28328,25852,26876,25852,28358,25852,28360,25852,26872,25852,28364,25852,28380,25852,28384,25852,26884,25854,26886,25854,30014,31092,30030,31092,31824,31092,31820,31092,30004,30010,31100,30010,30040,30022,31090,30022,31098,30022,28386,25854,28388,25854,28390,25854,28392,25854,28394,25854,28396,25854,28398,25854,28406,25854,26894,25856,26896,25856,28412,25856,28418,25856,28420,25856,28422,25856,28424,25856,28416,25856,26904,25858,26906,25858,28426,25858,28428,25858,28430,25858,28432,25858,28434,25858,28442,25858,26914,25860,26916,25860,28444,25860,28446,25860,28448,25860,28450,25860,28452,25860,28460,25860,26924,25862,26926,25862,28466,25862,28472,25862,28474,25862,28476,25862,28478,25862,28480,25862,28470,25862,26934,25864,26936,25864,28482,25864,28484,25864,28486,25864,28488,25864,28490,25864,28492,25864,28500,25864,26958,25870,28510,25870,28508,25870,26964,25872,28514,25872,28512,25872,26970,25874,28518,25874,28516,25874,30164,31152,31140,31152,31144,31152,31148,31152,31856,31152,28520,25876,32218,31152,32220,31152,32228,31152,32224,31152,32230,31152,32232,31152,30170,25876,30172,25876,30174,25876,26976,25876,31850,31152,31852,31152,31854,31152,31160,25876,26978,25876,27330,26136,28522,26136,27338,26138,28524,26138,27354,26142,28536,26142,28538,26142,28534,26142,27362,26144,28540,26144,27374,26148,28546,26148,28548,26148,28550,26148,27376,26148,27410,26158,28562,26158,28564,26158,28566,26158,27418,26160,31230,26160,31226,26160,28568,26160,28570,26160,28572,26160,28574,26160,28576,26160,28578,26160,28580,26160,28582,26160,27426,26162,28584,26162,27434,26164,28586,26164,28588,26164,27442,26166,28592,26166,28594,26166,28596,26166,27450,26168,28598,26168,28600,26168,28602,26168,28604,26168,28606,26168,27458,26170,31316,26170,28608,26170,28610,26170,28612,26170,28614,26170,27466,26172,28616,26172,27480,26176,28622,26176,27488,26178,28624,26178,27502,26182,28628,26182,28630,26182,28632,26182,28634,26182,27516,26186,28638,26186,28640,26186,28642,26186,28644,26186,27524,26188,28646,26188,27528,26190,28648,26190,27536,26192,28650,26192,27540,26194,31388,26194,28652,26194,28654,26194,28656,26194,28658,26194,26398,25100,28996,25100,27702,25100,27704,25100,27706,25100,30360,25100,30362,25100,30364,25100,27728,25100,28974,25100,27700,25100,27698,25100,28964,25100,27708,25100,27710,25100,27716,25100,29008,25100,29010,25100,28970,25100,27712,25100,27714,25100,26200,25100,27696,25100,30390,25100,30386,25100,27720,25100,27722,25100,27724,25100,27726,25100,27730,25100,27732,25100,26198,25100,26410,25100,27678,25100,27680,25100,27682,25100,27684,25100,27686,25100,27688,25100,27690,25100,27692,25100,26408,25100,26400,25100,26402,25100,26404,25100,26406,25100,26390,25748,25752,25748,26350,25748,26352,25748,26354,25748,26356,25748,26358,25748,26360,25748,26362,25748,26364,25748,26366,25748,26368,25748,26370,25748,26372,25748,26374,25748,26376,25748,26378,25748,26380,25748,26382,25748,26384,25748,26386,25748,26388,25748,27652,25748,25750,25748,25066,25748,25106,25768,66834,65946,-756316,65946,-756314,65946,-756318,65946,66832,65946,37764,33224,37770,33224,37772,33224]]}],"project-settings":[{"id":-1,"assetBundleId":-2,"data":[[["UnityEngine.EventSystems.EventSystem",-1000],["UnityEngine.UI.ToggleGroup",10],["TMPro.TextMeshPro",-105],["TMPro.TextMeshProUGUI",-100],["TMPro.TextContainer",-110]],[[-184986367,"Floor",-1],[0,"Default",0],[-501203317,"Character",1],[1431334115,"Bullet",2],[-1447282765,"Effect",3],[406780517,"UI",4],[-521493689,"UI_Txt_Dame",5]],[[0,"Default"],[1,"TransparentFX"],[2,"Ignore Raycast"],[4,"Water"],[5,"UI"],[6,"Attack"],[7,"Boss"],[8,"Click"],[9,"Golem"],[10,"Character"],[11,"Pet"]],[0.0199999995529652,0.333333343267441,1,0.0299999993294477],[0,-9.8100004196167,0,6,2,0,1,[[0,0,0],[0,0,1],[0,0,2],[0,0,4],[0,0,5],[0,0,6],[0,0,7],[0,0,8],[0,0,9],[0,0,10],[0,0,11],[0,1,0],[0,1,1],[0,1,2],[0,1,4],[0,1,5],[0,1,6],[0,1,7],[0,1,8],[0,1,9],[0,1,10],[0,1,11],[0,2,0],[0,2,1],[0,2,2],[0,2,4],[0,2,5],[0,2,6],[0,2,7],[0,2,8],[0,2,9],[0,2,10],[0,2,11],[0,4,0],[0,4,1],[0,4,2],[0,4,4],[0,4,5],[0,4,6],[0,4,7],[0,4,8],[0,4,9],[0,4,10],[0,4,11],[0,5,0],[0,5,1],[0,5,2],[0,5,4],[0,5,5],[0,5,6],[0,5,7],[0,5,8],[0,5,9],[0,5,10],[0,5,11],[0,6,0],[0,6,1],[0,6,2],[0,6,4],[0,6,5],[0,6,6],[0,6,7],[0,6,8],[0,6,9],[0,6,10],[0,6,11],[0,7,0],[0,7,1],[0,7,2],[0,7,4],[0,7,5],[0,7,6],[0,7,7],[0,7,8],[0,7,9],[0,7,10],[0,7,11],[0,8,0],[0,8,1],[0,8,2],[0,8,4],[0,8,5],[0,8,6],[0,8,7],[0,8,8],[0,8,9],[0,8,10],[0,8,11],[0,9,0],[0,9,1],[0,9,2],[0,9,4],[0,9,5],[0,9,6],[0,9,7],[0,9,8],[0,9,9],[0,9,10],[0,9,11],[0,10,0],[0,10,1],[0,10,2],[0,10,4],[0,10,5],[0,10,6],[0,10,7],[0,10,8],[0,10,9],[0,10,10],[0,10,11],[0,11,0],[0,11,1],[0,11,2],[0,11,4],[0,11,5],[0,11,6],[0,11,7],[0,11,8],[0,11,9],[0,11,10],[0,11,11]]],[null,null,0,-9.8100004196167,3,8,1,0.200000002980232,8,100,360,0.200000002980232,0.75,0.5,0.00999999977648258,2,0.00999999977648258,1,1,1,1,1,0,[[0,0,0],[0,0,1],[0,0,2],[0,0,4],[0,0,5],[0,0,6],[0,0,7],[0,0,8],[0,0,9],[0,0,10],[0,0,11],[0,1,0],[0,1,1],[0,1,2],[0,1,4],[0,1,5],[0,1,6],[0,1,7],[0,1,8],[0,1,9],[0,1,10],[0,1,11],[0,2,0],[0,2,1],[0,2,2],[0,2,4],[0,2,5],[0,2,6],[0,2,7],[0,2,8],[0,2,9],[0,2,10],[0,2,11],[0,4,0],[0,4,1],[0,4,2],[0,4,4],[0,4,5],[0,4,6],[0,4,7],[0,4,8],[0,4,9],[0,4,10],[0,4,11],[0,5,0],[0,5,1],[0,5,2],[0,5,4],[0,5,5],[0,5,6],[0,5,7],[0,5,8],[0,5,9],[0,5,10],[0,5,11],[0,6,0],[0,6,1],[0,6,2],[0,6,4],[0,6,5],[0,6,6],[0,6,7],[0,6,8],[0,6,9],[0,6,10],[0,6,11],[0,7,0],[0,7,1],[0,7,2],[0,7,4],[0,7,5],[0,7,6],[0,7,7],[0,7,8],[0,7,9],[0,7,10],[0,7,11],[0,8,0],[0,8,1],[0,8,2],[0,8,4],[0,8,5],[0,8,6],[0,8,7],[0,8,8],[0,8,9],[0,8,10],[0,8,11],[0,9,0],[0,9,1],[0,9,2],[0,9,4],[0,9,5],[0,9,6],[0,9,7],[0,9,8],[0,9,9],[0,9,10],[0,9,11],[0,10,0],[0,10,1],[0,10,2],[0,10,4],[0,10,5],[0,10,6],[0,10,7],[0,10,8],[0,10,9],[0,10,10],[0,10,11],[0,11,0],[0,11,1],[0,11,2],[0,11,4],[0,11,5],[0,11,6],[0,11,7],[0,11,8],[0,11,9],[0,11,10],[0,11,11]]],[[[[],["Very Low","Low","Medium","High","Very High","Ultra"],0,0,0,0.300000011920929,1,15,0,1,0,0,0,0,0,1,2,4,0,0,0.333333343267441,0.0666666701436043,0.200000002980232,0.466666668653488,0,0,16,2,0,3,512,0,1,2,512,1,1024,0],[[],["Very Low","Low","Medium","High","Very High","Ultra"],0,0,0,0.400000005960464,1,20,0,1,0,0,0,0,0,0,2,16,0,0,0.333333343267441,0.0666666701436043,0.200000002980232,0.466666668653488,0,0,16,2,0,3,512,0,1,2,512,1,1024,1],[[],["Very Low","Low","Medium","High","Very High","Ultra"],1,1,0,0.699999988079071,1,20,0,1,0,0,0,0,0,0,2,64,1,0,0.333333343267441,0.0666666701436043,0.200000002980232,0.466666668653488,0,1,16,2,0,3,512,0,1,2,512,1,1024,2],[[],["Very Low","Low","Medium","High","Very High","Ultra"],2,1,0,1,2,40,1,1,1,0,1,0,0,0,2,256,2,1,0.333333343267441,0.0666666701436043,0.200000002980232,0.466666668653488,0,1,16,2,1,3,512,0,1,2,512,1,1024,3],[[],["Very Low","Low","Medium","High","Very High","Ultra"],2,2,2,1.5,2,70,1,1,2,1,1,0,0,0,2,1024,3,1,0.333333343267441,0.0666666701436043,0.200000002980232,0.466666668653488,0,1,16,2,1,3,512,0,1,2,512,1,1024,4],[[],["Very Low","Low","Medium","High","Very High","Ultra"],2,2,2,2,4,150,1,1,2,1,1,0,0,0,2,4096,4,1,0.333333343267441,0.0666666701436043,0.200000002980232,0.466666668653488,0,1,16,2,1,3,512,0,1,2,512,1,1024,5]],["Very Low","Low","Medium","High","Very High","Ultra"],2,2,2,2,4,150,1,1,2,1,1,0,0,0,2,4096,4,1,0.333333343267441,0.0666666701436043,0.200000002980232,0.466666668653488,0,1,16,2,1,3,512,0,1,2,512,1,1024,5],1,0,1,2,0,["Untagged","Respawn","Finish","EditorOnly","MainCamera","Player","GameController","Collider_Line_Up","Boss","Character","Bed","Door","Map","Bullet_Player","Collider_Lock_Player_Move","Golem","Soldier","Pet"]]}]}