{"materials":[{"id":546,"path":"Resources/unity_builtin_extra\\Sprites-Default","assetBundleId":-2,"data":["Sprites-Default",0,28,3000,0,[["PixelSnap",0],["_EnableExternalAlpha",0]],[["_Color",1,1,1,1],["_RendererColor",1,1,1,1]],[["_MainTex_ST",1,1,0,0],["_Flip",1,1,1,1],["_AlphaTex_ST",1,1,0,0]],[["_MainTex",null,null],["_AlphaTex",null,null]],[]]},{"id":798,"path":"Resources/unity_builtin_extra\\Default-Skybox","assetBundleId":-2,"data":["Default-Skybox",0,150,1000,0,[["_SunDisk",1],["_SunSize",0.0399999991059303],["_SunSizeConvergence",5],["_AtmosphereThickness",1],["_Exposure",1.29999995231628]],[["_SkyTint",0.5,0.5,0.5,1],["_GroundColor",0.368999987840652,0.349000006914139,0.340999990701675,1]],[],[],[["_SUNDISK_SIMPLE",1]]]},{"id":792,"path":"Resources/unity_builtin_extra\\Default-Particle","assetBundleId":-2,"data":["Default-Particle",0,166,3000,0,[["_InvFade",1]],[],[["_MainTex_ST",1,1,0,0]],[["_MainTex",1,790]],[]]},{"id":806,"path":"Resources/unity_builtin_extra\\Default-ParticleSystem","assetBundleId":-2,"data":["Default-ParticleSystem",0,174,3000,0,[["_Cutoff",0.5],["_BumpScale",1],["_DistortionStrength",1],["_DistortionBlend",0.5],["_SoftParticlesNearFadeDistance",0],["_SoftParticlesFarFadeDistance",1],["_CameraNearFadeDistance",1],["_CameraFarFadeDistance",2],["_Mode",2],["_ColorMode",0],["_FlipbookMode",0],["_LightingEnabled",0],["_DistortionEnabled",0],["_EmissionEnabled",0],["_BlendOp",0],["_SrcBlend",5],["_DstBlend",10],["_ZWrite",0],["_Cull",2],["_SoftParticlesEnabled",0],["_CameraFadingEnabled",0],["_DistortionStrengthScaled",0]],[["_Color",1,1,1,1],["_EmissionColor",0,0,0,1]],[["_MainTex_ST",1,1,0,0],["_BumpMap_ST",1,1,0,0],["_EmissionMap_ST",1,1,0,0],["_SoftParticleFadeParams",0,0,0,0],["_CameraFadeParams",0,1e9999,0,0],["_ColorAddSubDiff",0,0,0,0]],[["_MainTex",1,804],["_BumpMap",null,null],["_EmissionMap",null,null]],[["_ALPHABLEND_ON",1]]]}],"shaders":[{"id":174,"assetBundleId":-2,"data":[[],"Particles/Standard Unlit",null,["SHADOWS_DEPTH","_ALPHABLEND_ON","_ALPHAMODULATE_ON","_ALPHAPREMULTIPLY_ON","_ALPHATEST_ON","_COLORADDSUBDIFF_ON","_COLORCOLOR_ON","_COLOROVERLAY_ON","_REQUIRE_UV2","FOG_EXP","FOG_EXP2","FOG_LINEAR","_EMISSION","_FADING_ON","_NORMALMAP","INSTANCING_ON","PROCEDURAL_INSTANCING_ON","SHADOWS_CUBE","STEREO_CUBEMAP_RENDER_ON","STEREO_INSTANCING_ON","STEREO_MULTIVIEW_ON","UNITY_SINGLE_PASS_STEREO","__","_","EFFECT_BUMP","SOFTPARTICLES_ON"],[[0,0,"",0,"_GrabTexture",0,[0,null],[0,null],[0,null],[[1,null],[0,null],[0,null]],[[1,null],[0,null],[0,null]],[15,null],[0,null],[0,null],[0,null],[0,null],[0,null],[[0,null],[0,null],[0,null],[0,null]],[[0,null],[0,null],[0,null],[0,null]],[[0,null],[0,null],[0,null],[0,null]],[["LIGHTMODE","GRABPASS"]],[],[],[],[],0],[1,0,"ShadowCaster",8,"",0,[4,null],[1,null],[0,null],[[1,null],[0,null],[0,null]],[[1,null],[0,null],[0,null]],[14,null],[0,null],[0,null],[0,null],[255,null],[255,null],[[0,null],[0,null],[0,null],[8,null]],[[0,null],[0,null],[0,null],[8,null]],[[0,null],[0,null],[0,null],[8,null]],[["IGNOREPROJECTOR","true"],["LIGHTMODE","SHADOWCASTER"],["PerformanceChecks","False"],["PreviewType","Plane"],["RenderType","Opaque"],["SHADOWSUPPORT","true"]],["INSTANCING_ON","PROCEDURAL_INSTANCING_ON","SHADOWS_CUBE","SHADOWS_DEPTH","STEREO_CUBEMAP_RENDER_ON","STEREO_INSTANCING_ON","STEREO_MULTIVIEW_ON","UNITY_SINGLE_PASS_STEREO","_ALPHABLEND_ON","_ALPHAMODULATE_ON","_ALPHAPREMULTIPLY_ON","_ALPHATEST_ON","_COLORADDSUBDIFF_ON","_COLORCOLOR_ON","_COLOROVERLAY_ON","_REQUIRE_UV2","__","_"],[],[],[],0],[4,0,"",0,"",0,[4,null],[0,"_ZWrite"],[0,"_Cull"],[[0,"_SrcBlend"],[0,"_DstBlend"],[0,"_BlendOp"]],[[0,"_SrcBlend"],[0,"_DstBlend"],[0,"_BlendOp"]],[14,null],[0,null],[0,null],[0,null],[255,null],[255,null],[[0,null],[0,null],[0,null],[8,null]],[[0,null],[0,null],[0,null],[8,null]],[[0,null],[0,null],[0,null],[8,null]],[["IGNOREPROJECTOR","true"],["PerformanceChecks","False"],["PreviewType","Plane"],["RenderType","Opaque"]],["EFFECT_BUMP","FOG_EXP","FOG_EXP2","FOG_LINEAR","INSTANCING_ON","PROCEDURAL_INSTANCING_ON","SOFTPARTICLES_ON","STEREO_CUBEMAP_RENDER_ON","STEREO_INSTANCING_ON","STEREO_MULTIVIEW_ON","UNITY_SINGLE_PASS_STEREO","_ALPHABLEND_ON","_ALPHAMODULATE_ON","_ALPHAPREMULTIPLY_ON","_ALPHATEST_ON","_COLORADDSUBDIFF_ON","_COLORCOLOR_ON","_COLOROVERLAY_ON","_EMISSION","_FADING_ON","_NORMALMAP","_REQUIRE_UV2","__","_"],[],[[4,0,["_ALPHABLEND_ON"],0,1,0,0],[4,0,["_ALPHABLEND_ON"],2,3,1,0],[4,0,["_FADING_ON","_ALPHABLEND_ON"],4,5,0,0],[4,0,["_FADING_ON","_ALPHABLEND_ON"],6,7,1,0]],[],0]],[],[["_MainTex",4,0,0,0,0,"white",0],["_Color",0,1,1,1,1,"",0],["_Cutoff",3,0.5,0,1,0,"",0],["_BumpScale",2,1,0,0,0,"",0],["_BumpMap",4,0,0,0,0,"bump",0],["_EmissionColor",0,0,0,0,1,"",0],["_EmissionMap",4,0,0,0,0,"white",0],["_DistortionStrength",2,1,0,0,0,"",0],["_DistortionBlend",3,0.5,0,1,0,"",0],["_SoftParticlesNearFadeDistance",2,0,0,0,0,"",0],["_SoftParticlesFarFadeDistance",2,1,0,0,0,"",0],["_CameraNearFadeDistance",2,1,0,0,0,"",0],["_CameraFarFadeDistance",2,2,0,0,0,"",0],["_Mode",2,0,0,0,0,"",1],["_ColorMode",2,0,0,0,0,"",1],["_FlipbookMode",2,0,0,0,0,"",1],["_LightingEnabled",2,0,0,0,0,"",1],["_DistortionEnabled",2,0,0,0,0,"",1],["_EmissionEnabled",2,0,0,0,0,"",1],["_BlendOp",2,0,0,0,0,"",1],["_SrcBlend",2,1,0,0,0,"",1],["_DstBlend",2,0,0,0,0,"",1],["_ZWrite",2,1,0,0,0,"",1],["_Cull",2,2,0,0,0,"",1],["_SoftParticlesEnabled",2,0,0,0,0,"",1],["_CameraFadingEnabled",2,0,0,0,0,"",1],["_SoftParticleFadeParams",1,0,0,0,0,"",1],["_CameraFadeParams",1,0,0,0,0,"",1],["_ColorAddSubDiff",1,0,0,0,0,"",1],["_DistortionStrengthScaled",2,0,0,0,0,"",1]],0,68,0,0,0]},{"id":292,"assetBundleId":-2,"data":[[],"Mobile/Particles/Alpha Blended",null,["FOG_EXP","FOG_EXP2","FOG_LINEAR","STEREO_CUBEMAP_RENDER_ON","STEREO_INSTANCING_ON","STEREO_MULTIVIEW_ON","UNITY_SINGLE_PASS_STEREO","_"],[[0,0,"",0,"",0,[4,null],[0,null],[0,null],[[5,null],[10,null],[0,null]],[[5,null],[10,null],[0,null]],[15,null],[0,null],[0,null],[0,null],[255,null],[255,null],[[0,null],[0,null],[0,null],[8,null]],[[0,null],[0,null],[0,null],[8,null]],[[0,null],[0,null],[0,null],[8,null]],[["IGNOREPROJECTOR","true"],["PreviewType","Plane"],["QUEUE","Transparent"],["RenderType","Transparent"]],["FOG_EXP","FOG_EXP2","FOG_LINEAR","STEREO_CUBEMAP_RENDER_ON","STEREO_INSTANCING_ON","STEREO_MULTIVIEW_ON","UNITY_SINGLE_PASS_STEREO","_"],[],[[0,0,[],8,9,0,0],[0,0,[],10,11,1,0]],[],0]],[],[["_MainTex",4,0,0,0,0,"white",0]],null,null,0,0,0]},{"id":166,"assetBundleId":-2,"data":[[],"Legacy Shaders/Particles/Alpha Blended Premultiply",null,["SOFTPARTICLES_ON","STEREO_CUBEMAP_RENDER_ON","STEREO_INSTANCING_ON","STEREO_MULTIVIEW_ON","UNITY_SINGLE_PASS_STEREO","__"],[[0,0,"",0,"",0,[4,null],[0,null],[0,null],[[1,null],[10,null],[0,null]],[[1,null],[10,null],[0,null]],[14,null],[0,null],[0,null],[0,null],[255,null],[255,null],[[0,null],[0,null],[0,null],[8,null]],[[0,null],[0,null],[0,null],[8,null]],[[0,null],[0,null],[0,null],[8,null]],[["IGNOREPROJECTOR","true"],["PreviewType","Plane"],["QUEUE","Transparent"],["RenderType","Transparent"]],["SOFTPARTICLES_ON","STEREO_CUBEMAP_RENDER_ON","STEREO_INSTANCING_ON","STEREO_MULTIVIEW_ON","UNITY_SINGLE_PASS_STEREO","__"],[],[[0,0,[],12,13,0,0],[0,0,[],14,15,1,0]],[],0]],[],[["_MainTex",4,0,0,0,0,"white",0],["_InvFade",3,1,0.00999999977648258,3,0,"",0]],null,null,0,0,0]},{"id":28,"assetBundleId":-2,"data":[[],"Sprites/Default",null,["PIXELSNAP_ON","ETC1_EXTERNAL_ALPHA","INSTANCING_ON","STEREO_CUBEMAP_RENDER_ON","STEREO_INSTANCING_ON","STEREO_MULTIVIEW_ON","UNITY_SINGLE_PASS_STEREO","_","__"],[[0,0,"",0,"",0,[4,null],[0,null],[0,null],[[1,null],[10,null],[0,null]],[[1,null],[10,null],[0,null]],[15,null],[0,null],[0,null],[0,null],[255,null],[255,null],[[0,null],[0,null],[0,null],[8,null]],[[0,null],[0,null],[0,null],[8,null]],[[0,null],[0,null],[0,null],[8,null]],[["CanUseSpriteAtlas","true"],["IGNOREPROJECTOR","true"],["PreviewType","Plane"],["QUEUE","Transparent"],["RenderType","Transparent"]],["ETC1_EXTERNAL_ALPHA","INSTANCING_ON","PIXELSNAP_ON","STEREO_CUBEMAP_RENDER_ON","STEREO_INSTANCING_ON","STEREO_MULTIVIEW_ON","UNITY_SINGLE_PASS_STEREO","_","__"],[],[[0,0,[],16,17,0,0],[0,0,[],18,19,1,0]],[],0]],[],[["_MainTex",4,0,0,0,0,"white",2],["_Color",0,1,1,1,1,"",0],["PixelSnap",2,0,0,0,0,"",0],["_RendererColor",0,1,1,1,1,"",1],["_Flip",1,1,1,1,1,"",1],["_AlphaTex",4,0,0,0,0,"white",2],["_EnableExternalAlpha",2,0,0,0,0,"",2]],null,null,0,0,0]},{"id":290,"assetBundleId":-2,"data":[[],"Mobile/Particles/Additive",null,["FOG_EXP","FOG_EXP2","FOG_LINEAR","STEREO_CUBEMAP_RENDER_ON","STEREO_INSTANCING_ON","STEREO_MULTIVIEW_ON","UNITY_SINGLE_PASS_STEREO","_"],[[0,0,"",0,"",0,[4,null],[0,null],[0,null],[[5,null],[1,null],[0,null]],[[5,null],[1,null],[0,null]],[15,null],[0,null],[0,null],[0,null],[255,null],[255,null],[[0,null],[0,null],[0,null],[8,null]],[[0,null],[0,null],[0,null],[8,null]],[[0,null],[0,null],[0,null],[8,null]],[["IGNOREPROJECTOR","true"],["PreviewType","Plane"],["QUEUE","Transparent"],["RenderType","Transparent"]],["FOG_EXP","FOG_EXP2","FOG_LINEAR","STEREO_CUBEMAP_RENDER_ON","STEREO_INSTANCING_ON","STEREO_MULTIVIEW_ON","UNITY_SINGLE_PASS_STEREO","_"],[],[[0,0,[],8,9,0,0],[0,0,[],10,11,1,0]],[],0]],[],[["_MainTex",4,0,0,0,0,"white",0]],null,null,0,0,0]},{"id":296,"assetBundleId":-2,"data":[[],"Mobile/Particles/Multiply",null,["FOG_EXP","FOG_EXP2","FOG_LINEAR","STEREO_CUBEMAP_RENDER_ON","STEREO_INSTANCING_ON","STEREO_MULTIVIEW_ON","UNITY_SINGLE_PASS_STEREO","_"],[[0,0,"",0,"",0,[4,null],[0,null],[0,null],[[0,null],[3,null],[0,null]],[[0,null],[3,null],[0,null]],[15,null],[0,null],[0,null],[0,null],[255,null],[255,null],[[0,null],[0,null],[0,null],[8,null]],[[0,null],[0,null],[0,null],[8,null]],[[0,null],[0,null],[0,null],[8,null]],[["IGNOREPROJECTOR","true"],["PreviewType","Plane"],["QUEUE","Transparent"],["RenderType","Transparent"]],["FOG_EXP","FOG_EXP2","FOG_LINEAR","STEREO_CUBEMAP_RENDER_ON","STEREO_INSTANCING_ON","STEREO_MULTIVIEW_ON","UNITY_SINGLE_PASS_STEREO","_"],[],[],[],0]],[],[["_MainTex",4,0,0,0,0,"white",0]],null,null,0,0,0]},{"id":150,"assetBundleId":-2,"data":[[],"Skybox/Procedural",null,["_SUNDISK_HIGH_QUALITY","_SUNDISK_NONE","_SUNDISK_SIMPLE","STEREO_CUBEMAP_RENDER_ON","STEREO_INSTANCING_ON","STEREO_MULTIVIEW_ON","UNITY_SINGLE_PASS_STEREO"],[[0,0,"",0,"",0,[4,null],[0,null],[0,null],[[1,null],[0,null],[0,null]],[[1,null],[0,null],[0,null]],[15,null],[0,null],[0,null],[0,null],[255,null],[255,null],[[0,null],[0,null],[0,null],[8,null]],[[0,null],[0,null],[0,null],[8,null]],[[0,null],[0,null],[0,null],[8,null]],[["PreviewType","Skybox"],["QUEUE","Background"],["RenderType","Background"]],["STEREO_CUBEMAP_RENDER_ON","STEREO_INSTANCING_ON","STEREO_MULTIVIEW_ON","UNITY_SINGLE_PASS_STEREO","_SUNDISK_HIGH_QUALITY","_SUNDISK_NONE","_SUNDISK_SIMPLE"],[],[],[],0]],[],[["_SunDisk",2,2,0,0,0,"",0],["_SunSize",3,0.0399999991059303,0,1,0,"",0],["_SunSizeConvergence",3,5,1,10,0,"",0],["_AtmosphereThickness",3,1,0,5,0,"",0],["_SkyTint",0,0.5,0.5,0.5,1,"",0],["_GroundColor",0,0.368999987840652,0.349000006914139,0.340999990701675,1,"",0],["_Exposure",3,1.29999995231628,0,8,0,"",0]],null,null,0,0,0]},{"id":30,"assetBundleId":-2,"data":[[],"UI/Default",null,["UNITY_UI_ALPHACLIP","UNITY_UI_CLIP_RECT","STEREO_CUBEMAP_RENDER_ON","STEREO_INSTANCING_ON","STEREO_MULTIVIEW_ON","UNITY_SINGLE_PASS_STEREO","_"],[[0,0,"Default",0,"",0,[0,"unity_GUIZTestMode"],[0,null],[0,null],[[1,null],[10,null],[0,null]],[[1,null],[10,null],[0,null]],[0,"_ColorMask"],[0,null],[0,null],[0,"_Stencil"],[0,"_StencilReadMask"],[0,"_StencilWriteMask"],[[0,"_StencilOp"],[0,null],[0,null],[0,"_StencilComp"]],[[0,null],[0,null],[0,null],[8,null]],[[0,null],[0,null],[0,null],[8,null]],[["CanUseSpriteAtlas","true"],["IGNOREPROJECTOR","true"],["PreviewType","Plane"],["QUEUE","Transparent"],["RenderType","Transparent"]],["STEREO_CUBEMAP_RENDER_ON","STEREO_INSTANCING_ON","STEREO_MULTIVIEW_ON","UNITY_SINGLE_PASS_STEREO","UNITY_UI_ALPHACLIP","UNITY_UI_CLIP_RECT","_"],[],[[0,0,[],26,27,0,0],[0,0,[],28,29,1,0],[0,0,["UNITY_UI_ALPHACLIP"],26,30,0,0],[0,0,["UNITY_UI_ALPHACLIP"],28,31,1,0]],[],0]],[],[["_MainTex",4,0,0,0,0,"white",2],["_Color",0,1,1,1,1,"",0],["_StencilComp",2,8,0,0,0,"",0],["_Stencil",2,0,0,0,0,"",0],["_StencilOp",2,0,0,0,0,"",0],["_StencilWriteMask",2,255,0,0,0,"",0],["_StencilReadMask",2,255,0,0,0,"",0],["_ColorMask",2,15,0,0,0,"",0],["_UseUIAlphaClip",2,0,0,0,0,"",0]],null,null,0,0,0]},{"id":48,"assetBundleId":-2,"data":[[],"Hidden/BlitCopy",null,["STEREO_CUBEMAP_RENDER_ON","STEREO_INSTANCING_ON","STEREO_MULTIVIEW_ON","UNITY_SINGLE_PASS_STEREO"],[[0,0,"",0,"",0,[8,null],[0,null],[0,null],[[1,null],[0,null],[0,null]],[[1,null],[0,null],[0,null]],[15,null],[0,null],[0,null],[0,null],[255,null],[255,null],[[0,null],[0,null],[0,null],[8,null]],[[0,null],[0,null],[0,null],[8,null]],[[0,null],[0,null],[0,null],[8,null]],[],["STEREO_CUBEMAP_RENDER_ON","STEREO_INSTANCING_ON","STEREO_MULTIVIEW_ON","UNITY_SINGLE_PASS_STEREO"],[],[],[],0]],[],[["_MainTex",4,0,0,0,0,"",0],["_Color",0,1,1,1,1,"",0]],null,null,0,0,0]},{"id":68,"assetBundleId":-2,"data":[[],"Legacy Shaders/VertexLit",null,["FOG_EXP","FOG_EXP2","FOG_LINEAR","POINT","SPOT","SHADOWS_DEPTH","STEREO_CUBEMAP_RENDER_ON","STEREO_INSTANCING_ON","STEREO_MULTIVIEW_ON","UNITY_SINGLE_PASS_STEREO","_","__","INSTANCING_ON","SHADOWS_CUBE"],[[0,0,"",1,"",0,[4,null],[1,null],[2,null],[[1,null],[0,null],[0,null]],[[1,null],[0,null],[0,null]],[15,null],[0,null],[0,null],[0,null],[255,null],[255,null],[[0,null],[0,null],[0,null],[8,null]],[[0,null],[0,null],[0,null],[8,null]],[[0,null],[0,null],[0,null],[8,null]],[["LIGHTMODE","Vertex"],["RenderType","Opaque"]],["FOG_EXP","FOG_EXP2","FOG_LINEAR","POINT","SPOT","STEREO_CUBEMAP_RENDER_ON","STEREO_INSTANCING_ON","STEREO_MULTIVIEW_ON","UNITY_SINGLE_PASS_STEREO","_"],[],[],[],0],[1,0,"",2,"",0,[4,null],[1,null],[2,null],[[1,null],[0,null],[0,null]],[[1,null],[0,null],[0,null]],[15,null],[0,null],[0,null],[0,null],[255,null],[255,null],[[0,null],[0,null],[0,null],[8,null]],[[0,null],[0,null],[0,null],[8,null]],[[0,null],[0,null],[0,null],[8,null]],[["LIGHTMODE","VertexLM"],["RenderType","Opaque"]],["FOG_EXP","FOG_EXP2","FOG_LINEAR","STEREO_CUBEMAP_RENDER_ON","STEREO_INSTANCING_ON","STEREO_MULTIVIEW_ON","UNITY_SINGLE_PASS_STEREO","__"],[],[],[],0],[2,0,"ShadowCaster",8,"",0,[4,null],[1,null],[2,null],[[1,null],[0,null],[0,null]],[[1,null],[0,null],[0,null]],[15,null],[0,null],[0,null],[0,null],[255,null],[255,null],[[0,null],[0,null],[0,null],[8,null]],[[0,null],[0,null],[0,null],[8,null]],[[0,null],[0,null],[0,null],[8,null]],[["LIGHTMODE","SHADOWCASTER"],["RenderType","Opaque"],["SHADOWSUPPORT","true"]],["INSTANCING_ON","SHADOWS_CUBE","SHADOWS_DEPTH","STEREO_CUBEMAP_RENDER_ON","STEREO_INSTANCING_ON","STEREO_MULTIVIEW_ON","UNITY_SINGLE_PASS_STEREO","__"],[],[],[],0]],[],[["_Color",0,1,1,1,1,"",0],["_SpecColor",0,1,1,1,1,"",0],["_Emission",0,0,0,0,0,"",0],["_Shininess",3,0.699999988079071,0.00999999977648258,1,0,"",0],["_MainTex",4,0,0,0,0,"white",0]],null,null,0,0,0]},{"id":8,"assetBundleId":-2,"data":[[],"Hidden/Internal-ScreenSpaceShadows",null,["SHADOWS_SINGLE_CASCADE","SHADOWS_SPLIT_SPHERES","STEREO_CUBEMAP_RENDER_ON","STEREO_INSTANCING_ON","STEREO_MULTIVIEW_ON","UNITY_SINGLE_PASS_STEREO"],[[0,0,"",0,"",0,[8,null],[0,null],[0,null],[[1,null],[0,null],[0,null]],[[1,null],[0,null],[0,null]],[15,null],[0,null],[0,null],[0,null],[255,null],[255,null],[[0,null],[0,null],[0,null],[8,null]],[[0,null],[0,null],[0,null],[8,null]],[[0,null],[0,null],[0,null],[8,null]],[["ShadowmapFilter","HardShadow"]],["SHADOWS_SINGLE_CASCADE","SHADOWS_SPLIT_SPHERES","STEREO_CUBEMAP_RENDER_ON","STEREO_INSTANCING_ON","STEREO_MULTIVIEW_ON","UNITY_SINGLE_PASS_STEREO"],[],[],[],1],[0,0,"",0,"",0,[8,null],[0,null],[0,null],[[1,null],[0,null],[0,null]],[[1,null],[0,null],[0,null]],[15,null],[0,null],[0,null],[0,null],[255,null],[255,null],[[0,null],[0,null],[0,null],[8,null]],[[0,null],[0,null],[0,null],[8,null]],[[0,null],[0,null],[0,null],[8,null]],[["ShadowmapFilter","HardShadow"]],["SHADOWS_SINGLE_CASCADE","SHADOWS_SPLIT_SPHERES","STEREO_CUBEMAP_RENDER_ON","STEREO_INSTANCING_ON","STEREO_MULTIVIEW_ON","UNITY_SINGLE_PASS_STEREO"],[],[],[],1],[0,2,"",0,"",0,[8,null],[0,null],[0,null],[[1,null],[0,null],[0,null]],[[1,null],[0,null],[0,null]],[15,null],[0,null],[0,null],[0,null],[255,null],[255,null],[[0,null],[0,null],[0,null],[8,null]],[[0,null],[0,null],[0,null],[8,null]],[[0,null],[0,null],[0,null],[8,null]],[["ShadowmapFilter","PCF_SOFT"]],["SHADOWS_SINGLE_CASCADE","SHADOWS_SPLIT_SPHERES","STEREO_CUBEMAP_RENDER_ON","STEREO_INSTANCING_ON","STEREO_MULTIVIEW_ON","UNITY_SINGLE_PASS_STEREO"],[],[],[],1],[0,2,"",0,"",0,[8,null],[0,null],[0,null],[[1,null],[0,null],[0,null]],[[1,null],[0,null],[0,null]],[15,null],[0,null],[0,null],[0,null],[255,null],[255,null],[[0,null],[0,null],[0,null],[8,null]],[[0,null],[0,null],[0,null],[8,null]],[[0,null],[0,null],[0,null],[8,null]],[["ShadowmapFilter","PCF_SOFT"]],["SHADOWS_SINGLE_CASCADE","SHADOWS_SPLIT_SPHERES","STEREO_CUBEMAP_RENDER_ON","STEREO_INSTANCING_ON","STEREO_MULTIVIEW_ON","UNITY_SINGLE_PASS_STEREO"],[],[],[],1]],[],[["_ShadowMapTexture",4,0,0,0,0,"",0],["_ODSWorldTexture",4,0,0,0,0,"",0]],null,null,1,0,0]}],"sprites":[{"id":816,"path":"Resources/unity_builtin_extra\\UISprite","assetBundleId":-2,"data":["UISprite",1,814,[0,0,0,0.08,0.08,0],[0.05,0.08,0,0.8125,1,0.08,-0.08,0,1,0,0.08,0.075,0,1,0.96875,-0.07,0.08,0,0.0625,1,-0.075,-0.08,0,0.03124997,0,-0.08,0.07,0,0,0.9375,-0.08,-0.05,0,0,0.1875],[6,5,4,3,4,5,1,4,3,0,1,3,2,1,0],-0.000835968181490898,-0.00160364620387554,0.999164044857025,0.998396337032318,0,0,1,1,0.3125,0.3125,0.3125,0.3125,[0,0,0,0],[-0.08,-0.08,0.08,0.08],200,32,32,32,32,16,16,0.0267509818077087,0.0513166785240173]},{"id":820,"path":"Resources/unity_builtin_extra\\Background","assetBundleId":-2,"data":["Background",1,818,[0,0,0,0.08,0.08,0],[0.05,0.08,0,0.8125,1,0.08,-0.08,0,1,0,0.08,0.075,0,1,0.96875,-0.07,0.08,0,0.0625,1,-0.075,-0.08,0,0.03124997,0,-0.08,0.07,0,0,0.9375,-0.08,-0.05,0,0,0.1875],[6,5,4,3,4,5,1,4,3,0,1,3,2,1,0],-0.000835968181490898,-0.00160364620387554,0.999164044857025,0.998396337032318,0,0,1,1,0.3125,0.3125,0.3125,0.3125,[0,0,0,0],[-0.08,-0.08,0.08,0.08],200,32,32,32,32,16,16,0.0267509818077087,0.0513166785240173]},{"id":836,"path":"Resources/unity_builtin_extra\\UIMask","assetBundleId":-2,"data":["UIMask",1,834,[0,0,0,0.07,0.07,0],[0.055,0.07,0,0.84375,0.9375,0.07,-0.06,0,0.9375,0.125,0.07,0.055,0,0.9375,0.84375,0.055,-0.07,0,0.84375,0.0625,-0.065,-0.07,0,0.09375,0.0625,-0.07,0.07,0,0.0625,0.9375,-0.07,-0.06,0,0.0625,0.125],[6,5,4,0,4,5,3,4,0,1,3,0,2,1,0],-0.000835970044136047,-0.000835970044136047,0.999164044857025,0.999164044857025,0.0625,0.0625,0.9375,0.9375,0.3125,0.3125,0.3125,0.3125,[0,0,0,0],[-0.08,-0.08,0.08,0.08],200,32,32,32,32,16,16,2.02675104141235,2.02675104141235]}],"textures":[{"id":790,"type":0,"path":"Resources/unity_builtin_extra\\Default-Particle","assetBundleId":-2,"data":["Default-Particle",64,64,7,1,1,0,4,0,0,1,8,0,0,0,0]},{"id":804,"type":0,"path":"Resources/unity_builtin_extra\\Default-ParticleSystem","assetBundleId":-2,"data":["Default-ParticleSystem",64,64,7,1,1,0,4,1,0,1,8,0,0,1,1]},{"id":814,"type":0,"path":"Resources/unity_builtin_extra\\UISprite","assetBundleId":-2,"data":["UISprite",32,32,6,16,1,0,4,1,1,1,8,0,0,1,1]},{"id":818,"type":0,"path":"Resources/unity_builtin_extra\\Background","assetBundleId":-2,"data":["Background",32,32,6,16,1,0,4,1,1,1,8,0,0,1,1]},{"id":834,"type":0,"path":"Resources/unity_builtin_extra\\UIMask","assetBundleId":-2,"data":["UIMask",32,32,6,16,1,0,4,1,1,1,8,0,0,1,1]}],"cubemaps":[{"id":33610,"type":2,"path":"Assets/Game_Play/Scenes/GamePlay.unity/PrefilteredEnvironment.exr","assetBundleId":-2,"data":["",-3343428,8,0,128,0,2,[0,0,0.25,0.5,0,0.5,0.25,1,0.25,0,0.5,0.5,0.25,0.5,0.5,1,0.5,0,0.75,0.5,0.75,0,1,0.5,0.5,0.5,0.625,0.75,0.5,0.75,0.625,1,0.625,0.5,0.75,0.75,0.625,0.75,0.75,1,0.75,0.5,0.875,0.75,0.875,0.5,1,0.75,0.75,0.75,0.8125,0.875,0.75,0.875,0.8125,1,0.8125,0.75,0.875,0.875,0.8125,0.875,0.875,1,0.875,0.75,0.9375,0.875,0.9375,0.75,1,0.875,0.875,0.875,0.90625,0.9375,0.875,0.9375,0.90625,1,0.90625,0.875,0.9375,0.9375,0.90625,0.9375,0.9375,1,0.9375,0.875,0.96875,0.9375,0.96875,0.875,1,0.9375,0.9375,0.9375,0.953125,0.96875,0.9375,0.96875,0.953125,1,0.953125,0.9375,0.96875,0.96875,0.953125,0.96875,0.96875,1,0.96875,0.9375,0.984375,0.96875,0.984375,0.9375,1,0.96875,0.96875,0.96875,0.9765625,0.984375,0.96875,0.984375,0.9765625,1,0.9765625,0.96875,0.984375,0.984375,0.9765625,0.984375,0.984375,1,0.984375,0.96875,0.9921875,0.984375,0.9921875,0.96875,1,0.984375,0.984375,0.984375,0.98828125,0.9921875,0.984375,0.9921875,0.98828125,1,0.98828125,0.984375,0.9921875,0.9921875,0.98828125,0.9921875,0.9921875,1,0.9921875,0.984375,0.99609375,0.9921875,0.99609375,0.984375,1,0.9921875,0.9921875,0.9921875,0.994140625,0.99609375,0.9921875,0.99609375,0.994140625,1,0.994140625,0.9921875,0.99609375,0.99609375,0.994140625,0.99609375,0.99609375,1,0.99609375,0.9921875,0.998046875,0.99609375,0.998046875,0.9921875,1,0.99609375],1,1]}],"resources":[{"id":0,"assetBundleId":-2,"data":[[["unity_builtin_extra",1,834],["unity_builtin_extra",15,836],["allin1spriteshader",0,420],["unity_builtin_extra",1,814],["unity_builtin_extra",15,816],["unity_builtin_extra",1,818],["unity_builtin_extra",15,820],["unity_builtin_extra",0,28],["unity_builtin_extra",7,546],["unity_builtin_extra",0,174],["unity_builtin_extra",1,804],["unity_builtin_extra",7,806],["unity_builtin_extra",0,290],["unity_builtin_extra",0,166],["unity_builtin_extra",1,790],["unity_builtin_extra",7,792],["unity_builtin_extra",0,292],["unity_builtin_extra",0,296],["unity_builtin_extra",0,150],["unity_builtin_extra",7,798],["unity_builtin_extra",0,30],["dotweensettings",192,33226],["sprite assets/emojione",7,33232],["sprite assets/emojione",49,33216],["style sheets/default style sheet",194,33220],["linebreaking leading characters",180,33222],["linebreaking following characters",180,33224],["tmp settings",193,33218],["unity_builtin_extra",0,8],["allin1oneshaderfunctions",195,33228],["allin1spriteshaderscaledtime",0,414],["allin1spriteshaderuimask",0,434],["smoke",17,33212]],[26552,25362,27786,25362,27788,25362,26558,25362,26556,25362,24754,24752,32446,24752,32460,24752,32462,24752,32464,24752,32448,24752,24958,24752,24952,24752,24960,24752,32456,24752,32474,24752,32504,24752,32450,24752,32444,24752,32494,24752,24962,24752,32488,24752,32468,24752,24756,24752,401908,402240,32480,24752,32482,24752,-3338438,402240,32536,24752,32538,24752,32532,24752,32510,24752,24950,24752,-3338446,402240,-3338454,402240,-3338462,402240,32486,24752,-3338470,402240,32528,24752,32530,24752,32518,24752,32520,24752,32534,24752,32506,24752,32508,24752,-3338478,402240,-3338486,402240,-3338494,402240,-3338502,402240,32484,24752,24954,24752,-3338514,402240,32542,24752,32544,24752,-3338522,402240,-3338510,402240,32512,24752,32514,24752,24880,24878,24874,24878,-3339758,402240,30308,24878,24940,24878,24876,24878,-3339762,402240,-3340692,402240,-3340696,402240,-3338430,402240,32466,24752,-3338458,402240,-3338498,402240,-3338442,402240,32470,24752,-3338424,402240,401910,402240,402360,402240,-3339654,402240,-3339662,402240,-3339670,402240,-3339678,402240,-3339686,402240,-3339694,402240,-3339702,402240,-3339710,402240,-3339718,402240,-3339730,402240,-3339738,402240,-3339726,402240,-3339646,402240,-3339674,402240,-3339714,402240,-3339658,402240,-3339640,402240,402362,402240,402572,402240,-3340386,402240,-3340394,402240,-3340402,402240,-3340410,402240,-3340418,402240,-3340426,402240,-3340434,402240,-3340442,402240,-3340450,402240,-3340462,402240,-3340470,402240,-3340458,402240,-3340378,402240,-3340406,402240,-3340446,402240,-3340390,402240,-3340372,402240,402574,402240,402414,402240,-3339788,402240,-3339796,402240,-3339804,402240,-3339812,402240,-3339820,402240,-3339828,402240,-3339836,402240,-3339844,402240,-3339852,402240,-3339864,402240,-3339872,402240,-3339860,402240,-3339780,402240,-3339808,402240,-3339848,402240,-3339792,402240,-3339774,402240,402416,402240,402220,402240,-3339330,402240,-3339338,402240,-3339346,402240,-3339354,402240,-3339362,402240,-3339370,402240,-3339378,402240,-3339386,402240,-3339394,402240,-3339406,402240,-3339414,402240,-3339402,402240,-3339322,402240,-3339350,402240,-3339390,402240,-3339334,402240,-3339316,402240,402222,402240,402354,402240,-3339546,402240,-3339554,402240,-3339562,402240,-3339570,402240,-3339578,402240,-3339586,402240,-3339594,402240,-3339602,402240,-3339610,402240,-3339622,402240,-3339630,402240,-3339618,402240,-3339538,402240,-3339566,402240,-3339606,402240,-3339550,402240,-3339532,402240,402356,402240,402640,402240,-3340602,402240,-3340610,402240,-3340618,402240,-3340626,402240,-3340634,402240,-3340642,402240,-3340650,402240,-3340658,402240,-3340666,402240,-3340678,402240,-3340686,402240,-3340674,402240,-3339300,402240,-3339304,402240,-3339744,402240,-3339748,402240,-3340594,402240,-3340622,402240,-3340662,402240,-3340606,402240,-3340588,402240,402642,402240,402486,402240,-3339960,402240,-3339968,402240,-3339976,402240,-3339984,402240,-3339992,402240,-3340000,402240,-3340008,402240,-3340016,402240,-3340024,402240,-3340036,402240,-3340044,402240,-3340032,402240,-3339952,402240,-3339980,402240,-3340020,402240,-3339964,402240,-3339946,402240,402488,402240,402708,402240,-3340722,402240,-3340730,402240,-3340738,402240,-3340746,402240,-3340754,402240,-3340762,402240,-3340770,402240,-3340778,402240,-3340786,402240,-3340798,402240,-3340806,402240,-3340794,402240,-3340714,402240,-3340742,402240,-3340782,402240,-3340726,402240,-3340708,402240,402710,402240,402626,402240,-3340494,402240,-3340502,402240,-3340510,402240,-3340518,402240,-3340526,402240,-3340534,402240,-3340542,402240,-3340550,402240,-3340558,402240,-3340570,402240,-3340578,402240,-3340566,402240,-3340486,402240,-3340514,402240,-3340554,402240,-3340498,402240,-3340480,402240,402628,402240,402832,402240,-3340898,402240,-3340906,402240,-3340914,402240,-3340922,402240,-3340930,402240,-3340938,402240,-3340946,402240,-3340954,402240,-3340962,402240,-3340974,402240,-3340982,402240,-3340970,402240,-3340890,402240,-3340918,402240,-3340958,402240,-3340902,402240,-3340884,402240,402834,402240,402270,402240,-3339438,402240,-3339446,402240,-3339454,402240,-3339462,402240,-3339470,402240,-3339478,402240,-3339486,402240,-3339494,402240,-3339502,402240,-3339514,402240,-3339522,402240,-3339510,402240,-3339430,402240,-3339458,402240,-3339498,402240,-3339442,402240,-3339424,402240,402268,402240,24886,24890,25154,24890,24894,25176,33062,25176,33064,25176,33066,25176,33068,25176,33070,25176,33072,25176,33084,25176,33098,25176,33096,25176,33090,25176,33092,25176,33088,25176,33094,25176,402132,402240,-3341958,402240,-3341964,402240,-3341970,402240,-3341976,402240,-3341982,402240,-3341988,402240,25178,25176,-3341954,402240,-3341960,402240,-3341966,402240,-3341978,402240,-3341984,402240,-3341990,402240,-3341972,402240,402114,402240,26212,25108,26420,25108,26424,25108,26220,25108,25166,24898,25168,24898,27580,24898,26304,24898,26306,24898,26308,24898,26310,24898,26314,24898,403234,402088,28910,24898,28912,24898,28904,24898,-3341734,402088,28914,24898,-3341742,402088,28906,24898,28908,24898,27572,24898,27574,24898,-3341718,402088,-3341726,402088,-3341750,402088,25674,24898,25676,24898,-3341746,402088,-3341730,402088,25678,24898,25050,24896,25054,24896,27568,24896,26284,24896,26286,24896,26288,24896,26290,24896,26292,24896,26300,24896,26302,24896,25670,24896,25668,24896,402772,402088,28894,24896,28896,24896,28892,24896,28888,24896,-3340848,402088,30310,24896,30312,24896,-3340856,402088,27556,24896,27558,24896,27550,24896,27552,24896,27554,24896,27560,24896,27562,24896,-3340824,402088,-3340832,402088,-3340840,402088,-3340864,402088,-3340874,402088,25666,24896,-3340844,402088,-3340836,402088,25672,24896,-3340818,402088,-3340816,402088,25146,24972,26346,24972,27588,24972,27594,24972,25138,24972,26338,24972,28946,24972,25704,24972,26348,24972,27634,24972,28934,28930,30318,28930,28926,28930,25144,24972,31432,28930,28958,24972,26350,24972,30320,28930,27600,28930,27606,24972,25142,24972,28938,24972,27626,24972,25140,24972,28936,24972,27620,24972,26342,24972,26344,24972,26352,24972,26354,24972,26316,24972,26318,24972,26320,24972,26322,24972,26324,24972,26326,24972,26330,24972,26332,24972,403186,402088,28964,24972,28918,24972,28920,24972,-3341252,402088,27590,24972,27592,24972,27596,24972,27598,24972,30324,24972,25136,24972,-3341264,402088,-3341272,402088,-3341280,402088,-3341288,402088,28944,24972,28948,24972,-3341256,402088,-3341228,402088,-3341292,402088,28924,24972,-3341296,402088,-3341310,402088,30328,24972,-3341318,402088,-3341304,402088,28960,24972,-3341322,402088,-3341326,402088,30326,24972,-3341334,402088,28940,24972,-3341338,402088,-3341342,402088,30316,24972,-3341350,402088,28932,24972,-3341354,402088,28956,24972,28962,24972,28950,24972,-3341236,402088,-3341244,402088,-3341358,402088,-3341366,402088,-3341314,402088,-3341330,402088,-3341346,402088,-3341260,402088,-3341362,402088,-3341240,402088,-3341300,402088,-3341370,402088,25706,24972,25708,24972,32566,24802,32596,24802,24804,24802,24800,24802,32650,24802,32570,24802,32708,24802,32586,24802,32630,24802,32730,24802,32588,24802,32636,24802,32736,24802,24820,24802,24828,24802,24814,24802,24796,24802,24826,24802,32704,24802,32572,24802,24798,24802,24830,24802,24808,24802,24816,24802,24806,24802,32642,24802,24788,24802,24834,24802,24794,24802,24818,24802,32620,24802,32622,24802,24810,24802,32624,24802,24824,24802,32706,24802,24832,24802,24812,24802,32608,24802,24838,24802,32574,24802,32582,24802,32576,24802,24822,24802,24792,24802,24786,24802,32568,24802,32654,24802,32658,24802,32680,24802,32682,24802,32686,24802,24790,24802,32688,24802,32690,24802,32692,24802,32694,24802,-3341398,402088,32770,24802,32772,24802,-3341406,402088,402554,402088,32652,24802,32656,24802,-3341428,402088,32828,24802,-3341436,402088,-3341422,402088,32734,24802,-3341440,402088,-3341444,402088,32816,24802,-3341452,402088,32710,24802,-3341456,402088,-3341460,402088,32822,24802,-3341468,402088,32726,24802,-3341472,402088,32644,24802,-3341488,402088,32762,24802,32764,24802,32788,24802,32790,24802,32778,24802,32780,24802,32824,24802,32842,24802,32844,24802,-3341492,402088,-3341500,402088,-3341508,402088,-3341516,402088,-3341524,402088,-3341476,402088,-3341532,402088,32756,24802,32758,24802,32782,24802,32784,24802,32766,24802,32768,24802,32836,24802,32838,24802,32840,24802,-3341536,402088,-3341544,402088,-3341552,402088,-3341560,402088,-3341568,402088,-3341576,402088,32744,24802,32746,24802,32774,24802,32776,24802,32738,24802,32740,24802,32806,24802,32830,24802,32832,24802,32826,24802,32808,24802,32810,24802,-3341580,402088,-3341588,402088,-3341596,402088,-3341604,402088,-3341612,402088,-3341620,402088,-3341628,402088,-3341636,402088,32818,24802,32820,24802,32812,24802,32814,24802,32846,24802,32848,24802,-3341642,402088,-3341650,402088,-3341658,402088,32606,24802,32610,24802,-3341480,402088,403220,402088,32612,24802,-3341666,402088,32796,24802,32798,24802,32800,24802,-3341670,402088,-3341680,402088,32718,24802,32720,24802,32748,24802,32750,24802,32714,24802,32716,24802,-3341686,402088,-3341694,402088,-3341702,402088,32614,24802,-3341414,402088,32590,24802,32592,24802,-3341402,402088,-3341418,402088,-3341608,402088,-3341624,402088,-3341520,402088,-3341564,402088,-3341638,402088,-3341432,402088,-3341448,402088,-3341464,402088,-3338550,402088,-3338558,402088,401950,402088,-3338580,402088,-3338588,402088,-3338574,402088,-3338592,402088,-3338596,402088,-3338604,402088,-3338608,402088,-3338612,402088,-3338620,402088,-3338624,402088,-3338640,402088,-3338644,402088,-3338652,402088,-3338660,402088,-3338668,402088,-3338676,402088,-3338628,402088,-3338684,402088,-3338688,402088,-3338696,402088,-3338704,402088,-3338712,402088,-3338720,402088,-3338728,402088,-3338732,402088,-3338740,402088,-3338748,402088,-3338756,402088,-3338764,402088,-3338772,402088,-3338780,402088,-3338788,402088,-3338794,402088,-3338802,402088,-3338810,402088,-3338632,402088,401952,402088,-3338818,402088,-3338822,402088,-3338832,402088,-3338838,402088,-3338846,402088,-3338854,402088,-3338566,402088,-3338554,402088,-3338570,402088,-3338760,402088,-3338776,402088,-3338672,402088,-3338716,402088,-3338790,402088,-3338584,402088,-3338600,402088,-3338616,402088,-3340058,402088,-3340066,402088,402514,402088,-3340088,402088,-3340096,402088,-3340082,402088,-3340100,402088,-3340104,402088,-3340112,402088,-3340116,402088,-3340120,402088,-3340128,402088,-3340132,402088,-3340148,402088,-3340152,402088,-3340160,402088,-3340168,402088,-3340176,402088,-3340184,402088,-3340136,402088,-3340192,402088,-3340196,402088,-3340204,402088,-3340212,402088,-3340220,402088,-3340228,402088,-3340236,402088,-3340240,402088,-3340248,402088,-3340256,402088,-3340264,402088,-3340272,402088,-3340280,402088,-3340288,402088,-3340296,402088,-3340302,402088,-3340310,402088,-3340318,402088,-3340140,402088,402516,402088,-3340326,402088,-3340330,402088,-3340340,402088,-3340346,402088,-3340354,402088,-3340362,402088,-3340074,402088,-3340062,402088,-3340078,402088,-3340268,402088,-3340284,402088,-3340180,402088,-3340224,402088,-3340298,402088,-3340092,402088,-3340108,402088,-3340124,402088,24862,24860,24864,24860,32972,24860,32866,24860,33010,24860,24856,24860,32958,24860,33028,24860,24854,24860,32952,24860,33020,24860,24850,24860,32902,24860,32904,24860,24852,24860,32906,24860,32868,24860,24858,24860,24848,24860,32960,24860,24868,24860,32962,24860,32942,24860,24872,24860,32870,24860,32898,24860,32874,24860,32880,24860,32862,24860,32864,24860,32872,24860,32910,24860,32912,24860,32924,24860,32926,24860,32928,24860,32930,24860,32932,24860,32934,24860,403216,402088,32964,24860,32966,24860,-3341786,402088,33048,24860,-3341794,402088,-3341780,402088,33024,24860,-3341798,402088,-3341802,402088,33046,24860,-3341810,402088,33008,24860,-3341814,402088,-3341818,402088,33044,24860,-3341826,402088,33002,24860,-3341830,402088,32974,24860,-3341846,402088,32982,24860,32984,24860,32978,24860,32980,24860,33042,24860,33038,24860,33040,24860,-3341850,402088,-3341858,402088,-3341866,402088,-3341874,402088,-3341834,402088,-3341882,402088,32988,24860,32990,24860,32998,24860,33000,24860,33036,24860,33032,24860,33034,24860,-3341886,402088,-3341894,402088,-3341902,402088,-3341910,402088,32940,24860,32944,24860,-3341838,402088,403246,402088,32946,24860,-3341918,402088,32994,24860,-3341922,402088,32936,24860,32938,24860,-3341938,402088,33012,24860,33014,24860,33016,24860,-3341942,402088,-3341764,402088,-3341772,402088,-3341930,402088,32888,24860,32890,24860,-3341768,402088,-3341776,402088,-3341870,402088,-3341906,402088,-3341790,402088,-3341806,402088,-3341822,402088,-3341926,402088,402056,402088,-3339084,402088,-3339092,402088,-3339078,402088,-3339096,402088,-3339100,402088,-3339108,402088,-3339112,402088,-3339116,402088,-3339124,402088,-3339128,402088,-3339144,402088,-3339148,402088,-3339156,402088,-3339164,402088,-3339172,402088,-3339132,402088,-3339180,402088,-3339184,402088,-3339192,402088,-3339200,402088,-3339208,402088,-3339136,402088,402058,402088,-3339216,402088,-3339220,402088,-3339236,402088,-3339240,402088,-3339062,402088,-3339070,402088,-3339228,402088,-3339066,402088,-3339074,402088,-3339168,402088,-3339204,402088,-3339088,402088,-3339104,402088,-3339120,402088,-3339224,402088,402050,402088,-3338890,402088,-3338898,402088,-3338884,402088,-3338902,402088,-3338906,402088,-3338914,402088,-3338918,402088,-3338922,402088,-3338930,402088,-3338934,402088,-3338950,402088,-3338954,402088,-3338962,402088,-3338970,402088,-3338978,402088,-3338938,402088,-3338986,402088,-3338990,402088,-3338998,402088,-3339006,402088,-3339014,402088,-3338942,402088,402052,402088,-3339022,402088,-3339026,402088,-3339042,402088,-3339046,402088,-3338868,402088,-3338876,402088,-3339034,402088,-3338872,402088,-3338880,402088,-3338974,402088,-3339010,402088,-3338894,402088,-3338910,402088,-3338926,402088,-3339030,402088,402932,402088,-3341018,402088,-3341026,402088,-3341012,402088,-3341030,402088,-3341034,402088,-3341042,402088,-3341046,402088,-3341050,402088,-3341058,402088,-3341062,402088,-3341078,402088,-3341082,402088,-3341090,402088,-3341098,402088,-3341106,402088,-3341066,402088,-3341114,402088,-3341118,402088,-3341126,402088,-3341134,402088,-3341142,402088,-3341070,402088,402934,402088,-3341150,402088,-3341154,402088,-3341170,402088,-3341174,402088,-3340996,402088,-3341004,402088,-3341162,402088,-3341000,402088,-3341008,402088,-3341102,402088,-3341138,402088,-3341022,402088,-3341038,402088,-3341054,402088,-3341158,402088,24934,24928,33140,24928,24932,24928,24922,24928,33146,24928,24930,24928,403286,402088,33154,24928,33156,24928,33158,24928,33160,24928,33152,24928,24924,24928,-3342002,402088,-3342010,402088,-3342018,402088,33144,24928,33148,24928,-3341996,402088,403288,402088,402420,402088,-3339888,402088,-3339896,402088,-3339904,402088,-3339882,402088,402422,402088,402480,402088,-3339920,402088,-3339928,402088,-3339936,402088,-3339914,402088,402482,402088,403094,402088,-3341204,402088,-3341212,402088,-3341220,402088,-3341198,402088,403096,402088,402164,402088,-3339276,402088,-3339284,402088,-3339292,402088,-3339270,402088,402166,402088,403042,402088,-3341186,402088,402070,402088,-3339252,402088,32564,32560,32554,32560,24770,24778,32562,32560,24776,24778,32552,24778,24772,24778,401926,402766,-3338538,402766,-3338536,402766,24768,24778,-3338540,402766,25162,24778,32558,24778,401924,402766,26584,25774,26582,25774,26590,25776,27814,25776,29034,25776,27810,25776,27812,25776,27804,25776,27816,25776,26468,25778,26228,25778,26428,25778,26430,25778,26432,25778,26434,25778,26436,25778,26438,25778,26440,25778,26442,25778,26444,25778,26446,25778,26448,25778,26450,25778,26452,25778,26454,25778,26456,25778,26458,25778,26460,25778,26462,25778,26464,25778,26466,25778,27764,25778,26226,25778,26598,25780,27824,25780,29060,25780,29062,25780,29064,25780,29066,25780,29068,25780,29070,25780,29072,25780,29074,25780,29076,25780,29078,25780,29080,25780,29082,25780,29084,25780,29086,25780,29088,25780,29090,25780,29092,25780,29094,25780,29096,25780,29098,25780,27822,25780,27826,25780,27830,25784,29106,25784,29112,25784,26610,25784,27832,25784,27834,25784,26616,25786,29118,25786,30450,25786,27846,25786,27844,25786,27842,25786,27840,25786,27878,25788,29184,25788,29186,25788,29188,25788,26624,25788,26960,25878,30502,29174,26962,25878,31448,29174,31456,29174,29162,25788,32264,29174,32258,29174,30504,25788,30506,25788,27880,25788,30480,29174,30454,30486,31480,30486,31488,30486,31470,30486,31462,30486,31466,30486,31452,30486,29164,25788,32252,30486,32266,30486,32276,30486,32250,30486,32262,30486,32256,30486,32270,30486,32254,30486,32274,30486,32268,30486,32278,30486,32272,30486,30456,25788,30458,25788,30460,25788,30462,25788,30464,25788,30466,25788,29168,30486,31478,30486,29122,30474,30490,30474,30492,30474,30496,30474,27854,25788,29134,30474,29152,25788,31964,30474,29158,25788,29160,25788,27860,25788,29138,25788,29128,25788,29130,25788,27882,25788,29142,30468,31486,30468,31460,30468,27884,25788,27872,25788,27886,25788,27858,25788,27888,25788,27852,25788,27862,25788,27864,25788,27866,25788,27868,25788,27870,25788,26632,25790,27946,25790,29262,25790,29284,25790,29286,25790,29222,30564,30540,30564,31516,30564,30544,30564,31560,30564,30554,30564,31510,30564,30580,30564,30582,30564,30526,30564,27952,25790,31520,30564,29230,25790,32282,30564,30542,25790,32034,30564,29234,25790,32310,30564,30548,25790,31546,30564,29238,25790,32284,30564,30556,25790,29228,25790,29232,25790,29236,25790,29250,30564,31528,30564,27904,25790,29202,25790,30536,25790,30538,25790,29196,25790,30522,25790,31492,25790,31494,25790,31496,25790,31498,25790,31500,25790,31502,25790,29244,25790,30568,25790,30570,25790,27902,25790,27916,25790,27910,25790,27914,25790,27912,25790,27954,25790,27956,25790,29290,25790,27958,25790,26634,25790,29296,25790,29298,25790,29300,25790,29302,25790,27960,25790,29274,25790,29276,25790,29278,25790,29280,25790,27950,25790,27940,25790,27942,25790,27926,25790,27938,25790,27918,25790,27944,25790,27920,25790,27936,25790,27894,25790,27906,25790,27908,25790,27928,25790,27930,25790,27932,25790,27934,25790,27948,25790,26642,25792,27962,25792,27964,25792,26646,25794,27966,25794,27968,25794,26650,25796,27970,25796,27972,25796,26654,25798,27974,25798,27976,25798,26658,25800,27978,25800,27980,25800,26662,25802,27982,25802,27984,25802,26666,25804,27986,25804,27988,25804,26670,25806,27990,25806,27992,25806,26674,25808,27994,25808,27996,25808,26678,25810,27998,25810,28000,25810,26682,25812,28002,25812,28004,25812,26686,25814,28006,25814,28008,25814,26690,25816,29382,30666,31588,30666,31582,30666,28010,25816,28012,25816,28014,25816,26700,25820,29398,25820,30678,25820,28028,25820,28026,25820,28024,25820,28022,25820,29432,30700,32050,30700,30690,30700,28030,25822,32054,30700,31614,25822,29438,25822,26708,25822,31618,30700,29488,25822,28062,25822,29448,25822,29450,25822,29452,25822,29454,25822,29456,25822,29458,25822,29460,25822,29462,25822,29464,25822,29466,25822,29468,25822,29470,25822,29472,25822,29474,25822,29476,25822,29478,25822,29480,25822,29482,25822,29484,25822,29486,25822,28070,25822,28032,25822,29498,25822,30730,25822,30732,25822,28034,25822,29506,25822,30716,25822,30718,25822,30720,25822,30722,25822,30724,25822,30726,25822,28044,25822,29430,25822,29442,25822,29444,25822,28064,25822,29424,25822,29416,25822,29418,25822,28048,25822,28036,25822,28038,25822,28040,25822,28042,25822,28046,25822,28054,25822,28056,25822,28058,25822,28060,25822,28066,25822,28068,25822,28072,25824,29514,25824,28090,25824,26718,25824,28074,25824,31640,25824,29540,25824,29508,25824,30754,25824,30756,25824,28076,25824,29510,25824,30764,25824,30766,25824,30768,25824,30770,25824,30772,25824,30774,25824,28078,25824,29522,25824,29532,25824,29534,25824,28084,25824,28086,25824,28088,25824,28092,25824,28094,25826,29544,25826,26728,25826,30784,31646,28098,25826,32108,31646,32104,31646,29548,25826,29550,25826,29552,25826,29554,25826,28096,25826,26736,25828,28116,25828,29572,25828,27350,26148,28530,26148,28532,26148,28534,26148,28118,25828,31180,26148,31182,26148,31176,26148,31178,26148,31184,26148,31186,26148,29582,25828,29584,25828,29586,25828,27352,26148,27354,26148,28120,25828,29564,25828,29566,25828,29568,25828,28114,25828,28122,25828,28108,25828,28110,25828,28112,25828,26744,25830,28130,25830,29594,25830,28124,25830,28126,25830,28128,25830,28134,25830,28136,25830,28138,25830,28142,25832,29604,25832,26752,25832,28144,25832,28148,25834,29608,25834,26760,25834,28150,25834,26768,25836,28154,25836,28156,25836,26776,25838,28160,25838,28162,25838,26784,25840,28164,25840,28166,25840,26792,25842,28170,25842,28172,25842,26800,25844,28176,25844,28178,25844,28184,25846,29622,25846,26808,25846,28186,25846,26816,25848,28190,25848,29626,25848,29630,25848,29632,25848,28188,25848,28192,25848,28196,25848,26824,25850,28202,25850,29640,25850,29644,25850,29646,25850,28204,25850,28206,25850,28200,25850,26832,25852,28210,25852,29658,25852,29650,25852,29652,25852,28208,25852,28212,25852,28216,25852,26840,25854,28220,25854,29668,25854,29662,25854,29664,25854,28218,25854,28222,25854,28226,25854,28238,25856,28240,25856,28228,25856,26848,25856,28232,25856,29676,25856,29682,25856,29684,25856,28230,25856,28234,25856,28242,25856,28278,25858,31762,25858,29724,25858,26856,25858,29728,25858,28266,25858,29738,25858,29740,25858,29742,25858,29744,25858,29746,25858,29748,25858,29750,25858,29752,25858,29754,25858,29756,25858,29758,25858,29760,25858,29762,25858,29764,25858,29766,25858,29768,25858,29770,25858,29772,25858,29774,25858,29776,25858,28276,25858,28280,25858,29784,25858,30928,25858,30930,25858,28282,25858,29792,25858,30914,25858,30916,25858,30918,25858,30920,25858,30922,25858,30924,25858,28262,25858,29718,25858,29732,25858,29734,25858,28268,25858,29712,25858,29704,25858,29706,25858,28284,25858,28254,25858,28260,25858,28256,25858,28258,25858,28272,25858,28248,25858,28250,25858,28252,25858,28264,25858,28270,25858,28274,25858,28324,25860,31796,25860,29840,25860,26866,25860,28308,25860,29852,25860,29854,25860,29856,25860,29858,25860,29860,25860,29862,25860,29864,25860,29866,25860,29868,25860,29870,25860,29872,25860,29874,25860,29876,25860,29878,25860,29880,25860,29882,25860,29884,25860,29886,25860,29888,25860,29890,25860,29892,25860,28326,25860,31006,29804,32312,29804,31800,29804,31780,29804,31768,29804,29808,25860,32322,29804,32318,29804,32326,29804,32314,29804,32168,25860,32324,29804,31008,25860,31010,25860,31012,25860,31028,29804,30972,29804,29906,25860,29898,25860,30996,25860,30998,25860,28328,25860,29908,25860,30982,25860,30984,25860,30986,25860,30988,25860,30990,25860,30992,25860,28304,25860,29834,25860,29846,25860,29848,25860,28310,25860,29828,25860,29818,25860,29820,25860,28330,25860,28296,25860,28302,25860,28298,25860,28300,25860,28314,25860,28290,25860,28292,25860,28294,25860,28306,25860,28312,25860,28318,25860,28322,25860,31052,31078,29918,31078,26876,25862,29972,31078,29974,25862,26882,25862,26878,25862,29970,25862,30002,31070,29982,31070,29944,31070,29932,31070,29998,31070,29978,31070,29960,31070,29964,31070,29948,31070,29924,31070,28344,25862,30006,25862,31046,25862,31048,25862,28366,25862,28372,25862,28374,25862,28376,25862,28380,25862,28378,25862,28370,25862,28386,25862,28382,25862,31804,31040,32208,31040,31036,31040,32350,31040,28548,26154,30198,26154,27370,26154,31876,26154,27372,26154,31038,25862,32348,31040,31808,25862,29942,25862,32336,31040,32330,25862,32334,31040,28346,25862,29912,31040,31810,31040,28356,25862,29988,25862,29990,25862,29992,25862,29994,25862,28336,25862,28334,25862,28338,25862,28340,25862,28342,25862,28348,25862,28350,25862,28352,25862,28354,25862,28358,25862,26888,25862,28332,25862,26884,25862,28362,25862,28364,25862,26880,25862,28368,25862,28384,25862,28388,25862,26892,25864,26894,25864,30018,31096,30034,31096,31828,31096,31824,31096,30008,30014,31104,30014,30044,30026,31094,30026,31102,30026,28390,25864,28392,25864,28394,25864,28396,25864,28398,25864,28400,25864,28402,25864,28410,25864,26902,25866,26904,25866,28416,25866,28422,25866,28424,25866,28426,25866,28428,25866,28420,25866,26912,25868,26914,25868,28430,25868,28432,25868,28434,25868,28436,25868,28438,25868,28446,25868,26922,25870,26924,25870,28448,25870,28450,25870,28452,25870,28454,25870,28456,25870,28464,25870,26932,25872,26934,25872,28470,25872,28476,25872,28478,25872,28480,25872,28482,25872,28484,25872,28474,25872,26942,25874,26944,25874,28486,25874,28488,25874,28490,25874,28492,25874,28494,25874,28496,25874,28504,25874,26966,25880,28514,25880,28512,25880,26972,25882,28518,25882,28516,25882,26978,25884,28522,25884,28520,25884,30168,31156,31144,31156,31148,31156,31152,31156,31860,31156,28524,25886,32222,31156,32224,31156,32232,31156,32228,31156,32234,31156,32236,31156,30174,25886,30176,25886,30178,25886,26984,25886,31854,31156,31856,31156,31858,31156,31164,25886,26986,25886,27334,26144,28526,26144,27342,26146,28528,26146,27358,26150,28540,26150,28542,26150,28538,26150,27366,26152,28544,26152,27378,26156,28550,26156,28552,26156,28554,26156,27380,26156,27414,26166,28566,26166,28568,26166,28570,26166,27422,26168,31234,26168,31230,26168,28572,26168,28574,26168,28576,26168,28578,26168,28580,26168,28582,26168,28584,26168,28586,26168,27430,26170,28588,26170,27438,26172,28590,26172,28592,26172,27446,26174,28596,26174,28598,26174,28600,26174,27454,26176,28602,26176,28604,26176,28606,26176,28608,26176,28610,26176,27462,26178,31320,26178,28612,26178,28614,26178,28616,26178,28618,26178,27470,26180,28620,26180,27484,26184,28626,26184,27492,26186,28628,26186,27506,26190,28632,26190,28634,26190,28636,26190,28638,26190,27520,26194,28642,26194,28644,26194,28646,26194,28648,26194,27528,26196,28650,26196,27532,26198,28652,26198,27540,26200,28654,26200,27544,26202,31392,26202,28656,26202,28658,26202,28660,26202,28662,26202,26406,25106,29000,25106,27706,25106,27708,25106,27710,25106,30364,25106,30366,25106,30368,25106,27732,25106,28978,25106,27704,25106,27702,25106,28968,25106,27712,25106,27714,25106,27720,25106,29012,25106,29014,25106,28974,25106,27716,25106,27718,25106,26208,25106,27700,25106,30394,25106,30390,25106,27724,25106,27726,25106,27728,25106,27730,25106,27734,25106,27736,25106,26206,25106,26418,25106,27682,25106,27684,25106,27686,25106,27688,25106,27690,25106,27692,25106,27694,25106,27696,25106,26416,25106,26408,25106,26410,25106,26412,25106,26414,25106,26398,25758,25762,25758,26358,25758,26360,25758,26362,25758,26364,25758,26366,25758,26368,25758,26370,25758,26372,25758,26374,25758,26376,25758,26378,25758,26380,25758,26382,25758,26384,25758,26386,25758,26388,25758,26390,25758,26392,25758,26394,25758,26396,25758,27656,25758,25760,25758,25072,25758,25112,25778,403206,402318,-3341386,402318,-3341384,402318,-3341388,402318,403204,402318,33838,33212,33844,33212,33846,33212]]}],"project-settings":[{"id":-1,"assetBundleId":-2,"data":[[["UnityEngine.EventSystems.EventSystem",-1000],["UnityEngine.UI.ToggleGroup",10],["TMPro.TextMeshPro",-105],["TMPro.TextMeshProUGUI",-100],["TMPro.TextContainer",-110]],[[-184986367,"Floor",-1],[0,"Default",0],[-501203317,"Character",1],[1431334115,"Bullet",2],[-1447282765,"Effect",3],[406780517,"UI",4],[-521493689,"UI_Txt_Dame",5]],[[0,"Default"],[1,"TransparentFX"],[2,"Ignore Raycast"],[4,"Water"],[5,"UI"],[6,"Attack"],[7,"Boss"],[8,"Click"],[9,"Golem"],[10,"Character"],[11,"Pet"]],[0.0199999995529652,0.333333343267441,1,0.0299999993294477],[0,-9.8100004196167,0,6,2,0,1,[[0,0,0],[0,0,1],[0,0,2],[0,0,4],[0,0,5],[0,0,6],[0,0,7],[0,0,8],[0,0,9],[0,0,10],[0,0,11],[0,1,0],[0,1,1],[0,1,2],[0,1,4],[0,1,5],[0,1,6],[0,1,7],[0,1,8],[0,1,9],[0,1,10],[0,1,11],[0,2,0],[0,2,1],[0,2,2],[0,2,4],[0,2,5],[0,2,6],[0,2,7],[0,2,8],[0,2,9],[0,2,10],[0,2,11],[0,4,0],[0,4,1],[0,4,2],[0,4,4],[0,4,5],[0,4,6],[0,4,7],[0,4,8],[0,4,9],[0,4,10],[0,4,11],[0,5,0],[0,5,1],[0,5,2],[0,5,4],[0,5,5],[0,5,6],[0,5,7],[0,5,8],[0,5,9],[0,5,10],[0,5,11],[0,6,0],[0,6,1],[0,6,2],[0,6,4],[0,6,5],[0,6,6],[0,6,7],[0,6,8],[0,6,9],[0,6,10],[0,6,11],[0,7,0],[0,7,1],[0,7,2],[0,7,4],[0,7,5],[0,7,6],[0,7,7],[0,7,8],[0,7,9],[0,7,10],[0,7,11],[0,8,0],[0,8,1],[0,8,2],[0,8,4],[0,8,5],[0,8,6],[0,8,7],[0,8,8],[0,8,9],[0,8,10],[0,8,11],[0,9,0],[0,9,1],[0,9,2],[0,9,4],[0,9,5],[0,9,6],[0,9,7],[0,9,8],[0,9,9],[0,9,10],[0,9,11],[0,10,0],[0,10,1],[0,10,2],[0,10,4],[0,10,5],[0,10,6],[0,10,7],[0,10,8],[0,10,9],[0,10,10],[0,10,11],[0,11,0],[0,11,1],[0,11,2],[0,11,4],[0,11,5],[0,11,6],[0,11,7],[0,11,8],[0,11,9],[0,11,10],[0,11,11]]],[null,null,0,-9.8100004196167,3,8,1,0.200000002980232,8,100,360,0.200000002980232,0.75,0.5,0.00999999977648258,2,0.00999999977648258,1,1,1,1,1,0,[[0,0,0],[0,0,1],[0,0,2],[0,0,4],[0,0,5],[0,0,6],[0,0,7],[0,0,8],[0,0,9],[0,0,10],[0,0,11],[0,1,0],[0,1,1],[0,1,2],[0,1,4],[0,1,5],[0,1,6],[0,1,7],[0,1,8],[0,1,9],[0,1,10],[0,1,11],[0,2,0],[0,2,1],[0,2,2],[0,2,4],[0,2,5],[0,2,6],[0,2,7],[0,2,8],[0,2,9],[0,2,10],[0,2,11],[0,4,0],[0,4,1],[0,4,2],[0,4,4],[0,4,5],[0,4,6],[0,4,7],[0,4,8],[0,4,9],[0,4,10],[0,4,11],[0,5,0],[0,5,1],[0,5,2],[0,5,4],[0,5,5],[0,5,6],[0,5,7],[0,5,8],[0,5,9],[0,5,10],[0,5,11],[0,6,0],[0,6,1],[0,6,2],[0,6,4],[0,6,5],[0,6,6],[0,6,7],[0,6,8],[0,6,9],[0,6,10],[0,6,11],[0,7,0],[0,7,1],[0,7,2],[0,7,4],[0,7,5],[0,7,6],[0,7,7],[0,7,8],[0,7,9],[0,7,10],[0,7,11],[0,8,0],[0,8,1],[0,8,2],[0,8,4],[0,8,5],[0,8,6],[0,8,7],[0,8,8],[0,8,9],[0,8,10],[0,8,11],[0,9,0],[0,9,1],[0,9,2],[0,9,4],[0,9,5],[0,9,6],[0,9,7],[0,9,8],[0,9,9],[0,9,10],[0,9,11],[0,10,0],[0,10,1],[0,10,2],[0,10,4],[0,10,5],[0,10,6],[0,10,7],[0,10,8],[0,10,9],[0,10,10],[0,10,11],[0,11,0],[0,11,1],[0,11,2],[0,11,4],[0,11,5],[0,11,6],[0,11,7],[0,11,8],[0,11,9],[0,11,10],[0,11,11]]],[[[[],["Very Low","Low","Medium","High","Very High","Ultra"],0,0,0,0.300000011920929,1,15,0,1,0,0,0,0,0,1,2,4,0,0,0.333333343267441,0.0666666701436043,0.200000002980232,0.466666668653488,0,0,16,2,0,3,512,0,1,2,512,1,1024,0],[[],["Very Low","Low","Medium","High","Very High","Ultra"],0,0,0,0.400000005960464,1,20,0,1,0,0,0,0,0,0,2,16,0,0,0.333333343267441,0.0666666701436043,0.200000002980232,0.466666668653488,0,0,16,2,0,3,512,0,1,2,512,1,1024,1],[[],["Very Low","Low","Medium","High","Very High","Ultra"],1,1,0,0.699999988079071,1,20,0,1,0,0,0,0,0,0,2,64,1,0,0.333333343267441,0.0666666701436043,0.200000002980232,0.466666668653488,0,1,16,2,0,3,512,0,1,2,512,1,1024,2],[[],["Very Low","Low","Medium","High","Very High","Ultra"],2,1,0,1,2,40,1,1,1,0,1,0,0,0,2,256,2,1,0.333333343267441,0.0666666701436043,0.200000002980232,0.466666668653488,0,1,16,2,1,3,512,0,1,2,512,1,1024,3],[[],["Very Low","Low","Medium","High","Very High","Ultra"],2,2,2,1.5,2,70,1,1,2,1,1,0,0,0,2,1024,3,1,0.333333343267441,0.0666666701436043,0.200000002980232,0.466666668653488,0,1,16,2,1,3,512,0,1,2,512,1,1024,4],[[],["Very Low","Low","Medium","High","Very High","Ultra"],2,2,2,2,4,150,1,1,2,1,1,0,0,0,2,4096,4,1,0.333333343267441,0.0666666701436043,0.200000002980232,0.466666668653488,0,1,16,2,1,3,512,0,1,2,512,1,1024,5]],["Very Low","Low","Medium","High","Very High","Ultra"],2,2,2,2,4,150,1,1,2,1,1,0,0,0,2,4096,4,1,0.333333343267441,0.0666666701436043,0.200000002980232,0.466666668653488,0,1,16,2,1,3,512,0,1,2,512,1,1024,5],1,0,1,2,0,["Untagged","Respawn","Finish","EditorOnly","MainCamera","Player","GameController","Collider_Line_Up","Boss","Character","Bed","Door","Map","Bullet_Player","Collider_Lock_Player_Move","Golem","Soldier","Pet"]]}]}